id,english_expression,key_expression,korean_translation,category,source
1,Just leave it here for now.,for now,일단은 여기 놔둬.,Idioms & Patterns,redhat
2,"For the most part, the meeting went smoothly.",For the most part,대부분은 회의가 순조롭게 진행됐어.,Meetings,redhat
3,That's pretty good for a first try.,for a first try,첫 시도치고는 꽤 잘했는데.,Idioms & Patterns,redhat
4,It's not like I have a choice.,It's not like,내가 선택권이 있는 것도 아니잖아.,Idioms & Patterns,redhat
5,"It's a bit small, but otherwise it's perfect.",otherwise,조금 작긴 한데 그 외에는 완벽해.,Idioms & Patterns,redhat
6,Let me go over the plan one more time.,go over,계획을 한 번 더 살펴볼게.,Meetings,redhat
7,Make sure you lock the door.,Make sure,문 꼭 잠가.,Idioms & Patterns,redhat
8,It's hard to keep up with the news these days.,keep up with,요즘 뉴스를 다 따라가기가 힘들어.,Idioms & Patterns,redhat
9,I keep track of my expenses in a notebook.,keep track of,나는 공책에 지출을 기록해.,Idioms & Patterns,redhat
10,"It's about trust, not money.",It's about,중요한 건 돈이 아니라 신뢰야.,Idioms & Patterns,redhat
11,She does a good job of explaining things.,does a good job of explaining,그녀는 설명을 정말 잘해.,Idioms & Patterns,redhat
12,Let's make use of the time we have.,make use of,우리한테 있는 시간을 활용하자.,Idioms & Patterns,redhat
13,I ate a week's worth of snacks in one day.,worth of,하루에 일주일치 과자를 다 먹어버렸어.,Idioms & Patterns,redhat
14,It depends on the weather.,depends on,날씨에 달려 있어.,Daily Life,redhat
15,"On some level, I knew it wasn't going to work.",On some level,어느 정도는 잘 안 될 거라는 걸 알고 있었어.,Idioms & Patterns,redhat
16,There's a part of me that wants to quit.,There's a part of me that,그냥 그만두고 싶다는 마음이 드는 부분도 있어.,Idioms & Patterns,redhat
17,It's one of those things you just have to accept.,one of those,그냥 받아들여야 하는 것 중 하나야.,Idioms & Patterns,redhat
18,The experience was valuable in and of itself.,in and of itself,그 경험 자체만으로도 충분히 가치가 있었어.,Idioms & Patterns,redhat
19,Let's eat at home for a change.,for a change,기분 전환 삼아 집에서 먹자.,Social,redhat
20,"I didn't think he could pull it off, but he did.",pull it off,해낼 수 있을 거라 생각 못 했는데 해냈어.,Idioms & Patterns,redhat
21,You're just the person I wanted to see.,just the,딱 네가 보고 싶었어.,Idioms & Patterns,redhat
22,This is the very reason I left.,the very reason,이게 바로 내가 떠난 이유야.,Idioms & Patterns,redhat
23,Do you happen to know his number?,happen to,혹시 그 사람 번호 알아?,Idioms & Patterns,redhat
24,I didn't realize it until it was too late.,until,너무 늦고 나서야 깨달았어.,Idioms & Patterns,redhat
25,I was about to ask the same thing.,was about to,나도 막 그걸 물어보려던 참이었어.,Idioms & Patterns,redhat
26,I'll have someone look into it.,have someone look into it,누군가한테 알아보게 할게.,Idioms & Patterns,redhat
27,"We're already here, we might as well stay.",might as well,이왕 온 거 그냥 있자.,Idioms & Patterns,redhat
28,I would double-check before sending it.,double-check,보내기 전에 다시 한번 확인하는 게 좋을 것 같아.,Idioms & Patterns,redhat
29,I've been meaning to tell you something.,I've been meaning to,너한테 하려던 말이 있었어.,Idioms & Patterns,redhat
30,I got caught up in work and forgot to eat.,got caught up in,일에 빠져서 밥 먹는 걸 깜빡했어.,Idioms & Patterns,redhat
31,"Call him. Or better yet, go see him in person.",Or better yet,"전화해. 아니면 더 좋은 건, 직접 가서 봐.",Idioms & Patterns,redhat
32,"I hate to say it, but you were right.",I hate to say it,"이런 말 하기 싫지만, 네가 맞았어.",Emotions & Opinions,redhat
33,"I know it's a lot to ask, but can you cover for me?",I know it's a lot to ask,"많이 부탁하는 거 알지만, 나 대신해줄 수 있어?",Idioms & Patterns,redhat
34,I can't help laughing every time I see it.,can't help,볼 때마다 웃음이 나오는 걸 어쩔 수가 없어.,Idioms & Patterns,redhat
35,Is the place still open? Not that I know of.,Not that I know of,거기 아직 열어? 내가 아는 한은 아닌 것 같은데.,Idioms & Patterns,redhat
36,I'm having second thoughts about moving.,having second thoughts,이사하는 게 맞나 다시 고민이 돼.,Idioms & Patterns,redhat
37,"Whenever you need help, just say the word.",just say the word,도움이 필요하면 언제든지 말만 해.,Idioms & Patterns,redhat
38,"Just so you know, the meeting was moved to Friday.",Just so you know,"참고로, 회의가 금요일로 옮겨졌어.",Meetings,redhat
39,Traffic was terrible. You know how it is.,You know how it is,차가 너무 막혔어. 뭐 다 그렇잖아.,Daily Life,redhat
40,"At the end of the day, what matters is your health.",At the end of the day,"결국에는, 건강이 제일 중요한 거야.",Idioms & Patterns,redhat
41,"It's a big deal for her, so let's be supportive.",big deal,"그녀한테는 중요한 일이니까, 우리가 응원해주자.",Idioms & Patterns,redhat
42,I'll get around to cleaning my room this weekend.,get around to,이번 주말에는 방 청소할 시간을 낼 거야.,Idioms & Patterns,redhat
43,"Exactly, I was going to say the same thing.",I was going to say,"맞아, 나도 똑같이 말하려고 했어.",Idioms & Patterns,redhat
44,"I hate going to the dentist, but let's just get it over with.",get it over with,"치과 가는 거 싫지만, 그냥 끝내버리자.",Emotions & Opinions,redhat
45,"If it makes you feel any better, everyone makes mistakes.",If it makes you feel any better,"위로가 될지 모르겠지만, 다들 실수는 해.",Emotions & Opinions,redhat
46,I can only wait so long.,can only,나도 마냥 기다릴 수는 없어.,Idioms & Patterns,redhat
47,"For all I know, he already left.",For all I know,"내가 아는 한, 그는 이미 떠났을 수도 있어.",Idioms & Patterns,redhat
48,"When it comes to cooking, she's amazing.",When it comes to,"요리에 관해서라면, 그녀는 정말 대단해.",Idioms & Patterns,redhat
49,I feel bad for him. He's going through a lot.,feel bad for,그 사람이 안됐어. 요즘 힘든 일이 많잖아.,Emotions & Opinions,redhat
50,"Stop distracting me, I'm trying to focus.",distract,"방해하지 마, 집중하려고.",Idioms & Patterns,redhat
51,I think stress has something to do with it.,has something to do with,스트레스가 그것과 관련이 있는 것 같아.,Idioms & Patterns,redhat
52,He has a way with words.,has a way with,그는 말을 정말 잘해.,Idioms & Patterns,redhat
53,There's something about this place that feels familiar.,There's something about this place that,이 장소엔 왠지 익숙한 느낌이 있어.,Idioms & Patterns,redhat
54,I thought you would have finished by now.,thought you would have finished by now,지금쯤이면 다 끝냈을 줄 알았어.,Idioms & Patterns,redhat
55,Just tell me now and save me the trouble.,save me the trouble,지금 말해줘. 나중에 수고하지 않게.,Idioms & Patterns,redhat
56,It wouldn't hurt to get a second opinion.,wouldn't hurt,다른 의견을 들어보는 것도 나쁘지 않아.,Idioms & Patterns,redhat
57,I could use a break right now.,could use,지금 당장 좀 쉬었으면 좋겠어.,Idioms & Patterns,redhat
58,The test wasn't as bad as I expected.,not as bad as,시험이 예상했던 것만큼 나쁘지는 않았어.,Idioms & Patterns,redhat
59,We haven't talked in a while. How are you?,haven't talked in a while,한동안 얘기를 못 했네. 잘 지냈어?,Idioms & Patterns,redhat
60,I couldn't care less what people say about me.,couldn't care less,사람들이 나에 대해 뭐라고 하든 전혀 상관없어.,Idioms & Patterns,redhat
61,I recommend that you see a specialist.,recommend,전문가한테 한번 가보시길 추천드려요.,Idioms & Patterns,redhat
62,"Apparently, they're getting married next month.",Apparently,"듣자 하니, 걔네 다음 달에 결혼한대.",Idioms & Patterns,redhat
63,"As far as I know, the store closes at 9.",As far as I know,"내가 알기로는, 그 가게 9시에 닫아.",Idioms & Patterns,redhat
64,It's hard for me to say no to people.,It's hard for me to,나는 사람들한테 거절하기가 힘들어.,Idioms & Patterns,redhat
65,I've been looking for my keys all morning.,looking for,아침부터 열쇠를 계속 찾고 있어.,Idioms & Patterns,redhat
66,I completely panicked when I forgot my lines.,panic,대사를 잊어버렸을 때 완전히 당황했어.,Idioms & Patterns,redhat
67,I'm really looking forward to the weekend.,looking forward to,이번 주말이 정말 기대돼.,Idioms & Patterns,redhat
68,It's my first time trying sushi.,first time trying,초밥은 처음 먹어보는 거야.,Idioms & Patterns,redhat
69,She offered to drive me home.,offer,그녀가 집까지 데려다주겠다고 했어.,Idioms & Patterns,redhat
70,I found out about it through a friend.,found out,친구를 통해서 알게 됐어.,Idioms & Patterns,redhat
71,Look who's back!,Look who's,돌아왔네!,Daily Life,miracle
72,Don't mention it. It was nothing.,Don't mention it,별말을. 아무것도 아니야.,Daily Life,miracle
73,What's the traffic like right now?,What's the traffic like,지금 교통 상황이 어때?,Daily Life,miracle
74,Care for some tea?,Care for some,차 한잔 할래?,Daily Life,miracle
75,Look on the bright side — at least you tried.,Look on the bright side,긍정적으로 생각해 — 적어도 시도는 했잖아.,Daily Life,miracle
76,What do you mean by that?,What do you mean,그게 무슨 말이야?,Daily Life,miracle
77,Can you give me a hand with this box?,Can you give me a hand,이 상자 좀 도와줄 수 있어?,Daily Life,miracle
78,Want to come along for the ride?,Want to come along,같이 가볼래?,Daily Life,miracle
79,This is getting out of hand.,getting out of hand,이건 감당이 안 되네.,Daily Life,miracle
80,That joke crossed the line.,crossed the line,그 농담은 너무 심했어.,Daily Life,miracle
81,I had to call in sick this morning.,in sick,오늘 아침에 병가를 내야 했어.,Daily Life,miracle
82,What's up with your attitude today?,What's up with,오늘 태도가 왜 그래?,Daily Life,miracle
83,This is absolutely ridiculous.,This is absolutely ridiculous,이건 정말 말도 안 돼.,Daily Life,miracle
84,I'm booked solid all this week.,I'm booked solid,이번 주 내내 일정이 꽉 찼어.,Daily Life,miracle
85,It's getting late. Time to call it a day.,Time to call it a day,늦었다. 이제 끝낼 시간이야.,Daily Life,miracle
86,I really should pay more attention next time.,should pay more attention,다음엔 좀 더 신경 써야겠어.,Daily Life,miracle
87,Not to worry. I'll handle it.,Not to worry,걱정 마. 내가 처리할게.,Daily Life,miracle
88,Let's go for a drive this Sunday.,Let's go for a drive,이번 일요일에 드라이브 가자.,Daily Life,miracle
89,"If you don't use it, just throw it away.",just throw it away,안 쓰면 그냥 버려.,Daily Life,miracle
90,"Oh great, here we go again.",here we go again,"아 이런, 또 시작이야.",Daily Life,miracle
91,It's over. Just let it go.,let it go,끝났잖아. 그냥 신경 꺼.,Daily Life,miracle
92,Free pizza? Now you're talking!,Now you're talking,공짜 피자? 바로 그거야!,Daily Life,miracle
93,"Wow, you're all dressed up today!",you're all dressed up,"와, 오늘 쫙 빼입었네!",Daily Life,miracle
94,Fine. Suit yourself.,Suit yourself,알아서 해.,Daily Life,miracle
95,It's Friday night. Let's get wasted!,Let's get wasted,금요일 밤이잖아. 실컷 마시자!,Daily Life,miracle
96,Relax. It's no big deal.,It's no big deal,진정해. 별일 아니야.,Daily Life,miracle
97,I like it. What's wrong with it?,What's wrong with it?,나는 좋은데. 뭐 어때서?,Daily Life,miracle
98,I stayed up all night finishing the report.,I stayed up all night,보고서 끝내느라 밤을 꼬박 새웠어.,Meetings,miracle
99,We're in a restaurant. Watch your language.,Watch your language,식당이잖아. 말조심해.,Social,miracle
100,Don't even think about giving up.,Don't even think about,포기할 생각은 꿈도 꾸지 마.,Daily Life,miracle
101,My feet are killing me after all that walking.,killing me,그렇게 걷고 나니 발이 아파 죽겠어.,Daily Life,miracle
102,"No promises, but I'll see what I can do.",I'll see what I can do,장담은 못 하지만 알아볼게요.,Daily Life,miracle
103,We've been waiting forever. What took you so long?,What took you so long?,엄청 기다렸잖아. 왜 이렇게 늦었어?,Daily Life,miracle
104,"Hey, anything good happen today?",anything good happen,"야, 오늘 무슨 좋은 일 있어?",Daily Life,miracle
105,The deadline is coming up fast.,coming up,마감이 빠르게 다가오고 있어.,Meetings,miracle
106,Can you let me out over there?,let me out over there,저기서 내려줄 수 있어?,Daily Life,miracle
107,She was really upset when she found out.,She was really upset,알게 됐을 때 그녀가 많이 화났어.,Emotions & Opinions,miracle
108,Every single time. You're all talk.,You're all talk,맨날 그래. 넌 늘 말뿐이야.,Daily Life,miracle
109,I can go along with that plan.,go along with that,그 계획에 동의할 수 있어.,Daily Life,miracle
110,I'm so sick of commuting every day.,I'm so sick of,매일 출퇴근하는 게 정말 질렸어.,Daily Life,miracle
111,Oh hey! What brings you here today?,What brings you here,오 안녕! 오늘 여긴 어쩐 일이야?,Daily Life,miracle
112,How did the job interview go?,How did the job interview go,취업 면접 어떻게 됐어?,Daily Life,miracle
113,Cooking's not really my thing.,not really my thing,요리는 내 적성이 아니야.,Daily Life,miracle
114,I can't take this noise anymore.,can't take this noise anymore,이 소음은 더 이상 못 참겠어.,Daily Life,miracle
115,Turn on the heat. I'm freezing to death.,I'm freezing to death,히터 틀어. 추워 죽겠어.,Daily Life,miracle
116,Hold on. Let me check.,Hold on,잠깐만. 확인해볼게.,Daily Life,miracle
117,Stop whining and act your age!,act your age!,투정 그만하고 나잇값 좀 해!,Daily Life,miracle
118,"You two, knock it off right now!",knock it off,"너네 둘, 지금 당장 그만 해!",Daily Life,miracle
119,That excuse sounds fake. I don't buy it.,I don't buy it,그 변명 거짓말 같아. 믿을 수 없어.,Daily Life,miracle
120,"I'm not picky about food, so anywhere is fine.",I'm not picky about food,뭐든 잘 먹으니까 어디든 괜찮아.,Daily Life,miracle
121,"Sorry, she has already gone for the day.",has already gone for the day,"죄송한데요, 그녀는 이미 퇴근했어요.",Daily Life,miracle
122,Try to make it on time this time.,make it on time,이번엔 제시간에 와.,Daily Life,miracle
123,He always goes by the book.,goes by the book,그는 항상 원칙대로 해.,Daily Life,miracle
124,You look stressed. What's bothering you?,What's bothering you?,스트레스 받아 보여. 무슨 고민 있어?,Daily Life,miracle
125,"It sounds fun, but I think I'll pass.",I think I'll pass,재밌겠지만 저는 사양할게요.,Daily Life,miracle
126,I'm between jobs right now but actively looking.,I'm between jobs,지금 구직 중이지만 열심히 찾고 있어.,Daily Life,miracle
127,Keep going. You're on the right track.,You're on the right track,계속해. 넌 잘하고 있어.,Daily Life,miracle
128,This milk tastes funny. Is it expired?,tastes funny,이 우유 맛이 이상해. 유통기한 지났나?,Daily Life,miracle
129,I'll be right back. Save my seat!,Save my seat,금방 올게. 자리 잡아 놔!,Daily Life,miracle
130,This café is totally worth visiting.,worth visiting,이 카페 정말 가볼 만해.,Daily Life,miracle
131,"After all that, the game ended in a tie.",the game ended in a tie,그러고 나서 결국 무승부로 끝났어.,Daily Life,miracle
132,It's almost over. Hang in there.,Hang in there,거의 다 됐어. 조금만 참아.,Daily Life,miracle
133,I ran into my old coworker at the gym.,ran into,헬스장에서 옛날 직장동료를 우연히 만났어.,Daily Life,miracle
134,That's awful. Sorry to hear that.,Sorry to hear that,최악이다. 안됐구나.,Daily Life,miracle
135,"Hey, you have a minute? I need your help.",you have a minute?,"야, 시간 좀 있어? 도움이 필요해.",Daily Life,miracle
136,"We're friends, let's just split the bill.",let's just split the bill,"우리 친구잖아, 그냥 나눠서 내자.",Social,miracle
137,Don't mind me. I'm not much of a talker.,I'm not much of a talker,나 신경 쓰지 마. 말주변이 없어서.,Daily Life,miracle
138,"Trust me, you don't wanna do that.",you don't wanna do that,"나 믿어, 안 하는 게 좋아.",Daily Life,miracle
139,He had too much and totally blacked out.,He had too much and totally blacked out,너무 많이 마셔서 필름이 완전히 끊겼어.,Daily Life,miracle
140,"Before we eat, let's make a toast!",let's make a toast,먹기 전에 건배하자!,Social,miracle
141,It's a tough situation but hope it works out.,hope it works out,힘든 상황이지만 잘 되길 바라.,Daily Life,miracle
142,"After all that work, have you made a profit?",have you made a profit?,그 고생 끝에 수익 좀 냈어?,Daily Life,miracle
143,She suddenly collapsed and was taken to the ER.,She suddenly collapsed and was taken to the ER,갑자기 쓰러져서 응급실에 실려 갔어.,Daily Life,miracle
144,We just opened. Please spread the word!,Please spread the word,막 오픈했어. 입소문 좀 내 줘!,Daily Life,miracle
145,"I appreciate it, but it's too much for me.",it's too much for me,고맙긴 한데 나한테는 너무 어려워.,Daily Life,miracle
146,Look at them. They're made for each other.,They're made for each other,저 둘 봐봐. 완전 천생연분이야.,Daily Life,miracle
147,The lighting was bad so I didn't come out great.,didn't come out great,조명이 안 좋아서 사진이 잘 안 나왔어.,Daily Life,miracle
148,That's a big decision. Let me sleep on it.,Let me sleep on it,큰 결정이네. 다시 생각해 볼게.,Daily Life,miracle
149,I don't have much time. Just get to the point.,Just get to the point,시간이 많지 않아. 본론만 얘기해.,Daily Life,miracle
150,I forgot my umbrella and now it's pouring.,it's pouring,우산을 두고 왔는데 비가 억수같이 와.,Daily Life,miracle
151,It's nice outside. Let's take a walk.,Let's take a walk,밖에 날씨 좋다. 산책 좀 하자.,Daily Life,miracle
152,I had no idea about that. Thanks for the tip!,Thanks for the tip,몰랐어. 알려줘서 고마워!,Daily Life,miracle
153,We're in a library. Keep your voice down.,Keep your voice down,지금 도서관이야. 목소리 낮춰.,Daily Life,miracle
154,I came home late and got a lecture from my mom.,got a lecture,늦게 들어왔다가 엄마한테 야단맞았어.,Daily Life,miracle
155,"Fill her up, please. And check the tire pressure.","Fill her up, please",가득이요. 타이어 공기압도 확인해주세요.,Daily Life,miracle
156,I don't have cash on me. Can I put it on my account?,put it on my account,현금이 없어요. 외상으로 할 수 있나요?,Social,miracle
157,I need to catch an early flight. Give me a wake-up call at 5 AM.,Give me a wake-up call,일찍 비행기를 타야 해서요. 새벽 5시에 모닝콜 해 주세요.,Daily Life,miracle
158,I've had a bad cough for over a week now.,had a bad cough,일주일 넘게 기침이 심해요.,Daily Life,miracle
159,Is there anything else? Will that be all?,Will that be all?,더 필요한 건 없으세요? 그게 전부이신가요?,Daily Life,miracle
160,I'll pay for dinner. What do you say?,What do you say?,내가 저녁 살게. 어때?,Social,miracle
161,This doesn't fit. Can I get a refund?,Can I get a refund?,사이즈가 안 맞는데 환불 되나요?,Daily Life,miracle
162,Just leave it alone. Don't ask for trouble.,Don't ask for trouble,그냥 내버려 둬. 괜한 짓 하지 마.,Daily Life,miracle
163,I heard about your grandmother. I'm sorry for your loss.,I'm sorry for your loss,할머니 소식 들었어. 애도를 표합니다.,Daily Life,miracle
164,Let's face it. This plan isn't working.,Let's face it,현실을 직시하자. 이 계획은 안 되고 있어.,Daily Life,miracle
165,I should have applied earlier. I really missed the boat.,missed the boat,더 일찍 지원했어야 했는데. 정말 기회를 놓쳤어.,Daily Life,miracle
166,It's just a roller coaster. Don't be a chicken!,Don't be a chicken!,그냥 롤러코스터잖아. 겁먹지 마!,Daily Life,miracle
167,What do you like about working from home?,What do you like about,재택근무에서 뭐가 좋아?,Daily Life,miracle
168,I'll come to you. Don't go out of your way.,Don't go out of your way,내가 갈게. 일부러 수고하지 않아도 돼.,Daily Life,miracle
169,I deleted the shopping app. No more impulse buying!,No more impulse buying!,쇼핑 앱 지웠어. 이제 충동구매는 그만!,Daily Life,miracle
170,You eat like a bird. Are you on a diet?,You eat like a bird,왜 그렇게 조금만 먹어? 다이어트 중이야?,Daily Life,miracle
171,I ate too much at the party. I'm feeling really bloated.,I'm feeling really bloated,파티에서 너무 많이 먹었어. 배가 너무 더부룩해.,Social,miracle
172,Everyone says she looks younger than her age.,looks younger than her age,다들 그녀가 나이보다 어려 보인다고 해.,Daily Life,miracle
173,Don't worry. This bus runs every 10 minutes.,runs every 10 minutes,걱정 마. 이 버스는 10분마다 와.,Daily Life,miracle
174,A free trip to Paris? It sounds too good to be true.,too good to be true,파리 무료 여행? 사실이라기엔 너무 좋은데.,Daily Life,miracle
175,I skipped lunch and now my stomach is growling.,my stomach is growling,점심을 건너뛰었더니 배에서 꼬르륵 소리가 나.,Social,miracle
176,I have good vibes about this interview.,have good vibes about this,이번 면접은 좋은 느낌이 와.,Daily Life,miracle
177,Do I need to change trains at the next stop?,Do I need to change trains,다음 역에서 갈아타야 해?,Daily Life,miracle
178,Your wedding? I wouldn't miss it for the world.,I wouldn't miss it for the world,네 결혼식? 절대로 빠지지 않을 거야.,Social,miracle
179,Lucky me. I have the day off tomorrow.,I have the day off,나도 다행히 내일 쉬는 날이야.,Daily Life,miracle
180,I can't stream anything here. Wi-Fi is not available.,Wi-Fi is not available,여기서는 아무것도 스트리밍이 안 돼. 와이파이가 안 돼.,Daily Life,miracle
181,He canceled without notice. He doesn't think much of others.,think much of others,아무 말 없이 취소했어. 남들 생각은 별로 안 하더라.,Daily Life,miracle
182,Turn around. I think we took the wrong way.,we took the wrong way,돌아가. 우리 길을 잘못 든 것 같아.,Daily Life,miracle
183,You look great. Can't you just stop dieting?,Can't you just stop dieting?,너 충분히 예쁜데. 그냥 다이어트 그만하면 안 돼?,Daily Life,miracle
184,Take an umbrella. It's been raining on and off all day.,It's been raining on and off,우산 챙겨. 하루 종일 비가 왔다 그쳤다 해.,Daily Life,miracle
185,We tried dating but there was just no chemistry between us.,there was just no chemistry between us,사귀어보려 했는데 그냥 우리 사이에 케미가 없었어.,Daily Life,miracle
186,It's 9 o'clock. Haven't you had dinner yet?,Haven't you had dinner yet?,9시잖아. 아직 저녁 안 먹었어?,Social,miracle
187,I've searched high and low but can't find my passport.,I've searched high and low,샅샅이 다 찾아봤는데 여권을 못 찾겠어.,Daily Life,miracle
188,Of course I'll help you move. What are friends for?,What are friends for?,당연히 이사 도와줘야지. 친구 좋다는 게 뭐야?,Daily Life,miracle
189,This restaurant is delicious and easy on the wallet.,easy on the wallet,이 식당은 맛있고 지갑에 부담도 없어.,Social,miracle
190,Cold lemonade on a hot day really hits the spot.,hits the spot,더운 날 차가운 레모네이드는 딱 제대로야.,Daily Life,miracle
191,Rent went up again. I may have to take a part-time job.,I may have to take a part-time job,월세가 또 올랐어. 알바를 해야 할 것 같아.,Daily Life,miracle
192,Strawberries are expensive right now because they're out of season.,they're out of season,딸기가 요즘 비싼 건 제철이 아니라서야.,Daily Life,miracle
193,I had my car fixed but it's acting up again.,I had my car fixed,차를 수리했는데 또 말썽이야.,Daily Life,miracle
194,My little sister has a serious sweet tooth.,has a serious sweet tooth,내 여동생은 단 걸 정말 너무 좋아해.,Daily Life,miracle
195,I can't have a cat. I'm allergic to animal fur.,I'm allergic to animal fur,고양이를 키울 수가 없어. 동물 털 알레르기가 있어서.,Daily Life,miracle
196,She posted one video and it went viral overnight.,it went viral,영상 하나 올렸는데 하룻밤 사이에 엄청 퍼졌어.,Daily Life,miracle
197,It's terribly hot outside. Let's stay in.,It's terribly hot,밖이 너무 더워. 그냥 집에 있자.,Daily Life,miracle
198,Can I ask you a favor? I need a ride to the airport.,Can I ask you a favor?,부탁 하나 해도 돼? 공항까지 태워줄 수 있어?,Daily Life,miracle
199,I haven't hit the gym in ages. I need to get back on track.,I haven't hit the gym in ages,헬스장에 오랫동안 못 갔어. 다시 시작해야겠어.,Daily Life,miracle
200,You've rested enough. You should get back to normal.,You should get back to normal,충분히 쉬었잖아. 이제 일상으로 돌아가야 해.,Daily Life,miracle
201,That smells amazing. Can I have a bite?,Can I have a bite?,냄새 진짜 좋다. 한 입만 먹어봐도 돼?,Daily Life,miracle
202,Wait here. I'll be back in a flash.,I'll be back in a flash,여기서 기다려. 금방 돌아올게.,Daily Life,miracle
203,I'm thinking of watching that new drama. Did it get good reviews?,Did it get good reviews?,그 새 드라마 보려고 하는데. 리뷰 좋았어?,Daily Life,miracle
204,My dad and I are both tone-deaf. It runs in my family.,It runs in my family,아빠랑 나 둘 다 음치야. 우리 가족 내력이야.,Daily Life,miracle
205,You guys keep going. I don't wanna spoil the fun.,I don't wanna spoil the fun,너네 계속해. 나는 분위기 망치기 싫어.,Daily Life,miracle
206,Sorry I missed your call. I had my phone on silent.,phone on silent,전화 못 받아서 미안. 폰을 무음으로 해놨었어.,Email & Phone,miracle
207,Don't worry about the damage. It can be covered by insurance.,It can be covered by insurance,손상된 거 걱정 마. 보험으로 처리할 수 있어.,Daily Life,miracle
208,What a week. I could really use a drink right now.,could really use a drink,진짜 힘든 한 주였어. 지금 당장 술 한잔 마시고 싶다.,Daily Life,miracle
209,Any plans for the weekend? Nothing comes to mind.,Nothing comes to mind,주말 계획 있어? 딱히 생각나는 게 없어.,Daily Life,miracle
210,"If this doesn't work out, I got a backup plan.",I got a backup plan,이게 안 되면 나 대안이 있어.,Daily Life,miracle
211,Let's come back later. It's packed with people right now.,It's packed with people,나중에 다시 오자. 지금 사람이 엄청 많아.,Daily Life,miracle
212,It's been a long day. I really feel like a beer.,I really feel like a beer,오늘 정말 긴 하루였어. 맥주가 정말 당겨.,Emotions & Opinions,miracle
213,I can't hang out tonight. I'm really behind in my work.,I'm really behind in my work,오늘 밤 놀러 못 가. 일이 너무 밀려 있어.,Social,miracle
214,I'm exhausted. The heat keeps me up at night.,The heat keeps me up at night,너무 피곤해. 더워서 밤에 잠을 못 자.,Emotions & Opinions,miracle
215,He's barely scoring lately. I guess he's in a slump.,guess he's in a slump,요즘 점수를 거의 못 내고 있어. 슬럼프인 것 같아.,Daily Life,miracle
216,Wow we're already halfway through the year. Time flies.,we're already halfway through the year,와 벌써 1년의 절반이 지났네. 시간 참 빠르다.,Daily Life,miracle
217,I'm squinting at everything. My eyesight got worse recently.,My eyesight got worse recently,모든 게 찡그려 봐야 돼. 요즘 시력이 더 나빠졌어.,Daily Life,miracle
218,I skipped breakfast and lunch. I could eat a horse.,I could eat a horse,아침도 점심도 거른 거야. 배가 엄청 고파.,Social,miracle
219,He talks so loud all the time. How do you put up with it?,How do you put up with it?,그 사람 항상 너무 시끄럽게 말하잖아. 어떻게 참아?,Daily Life,miracle
220,Don't call me anymore. We're history.,We're history,더 이상 전화하지 마. 우리 끝났어.,Daily Life,miracle
221,I used to play tennis but I haven't done it for ages.,I haven't done it for ages,테니스 치곤 했는데 정말 오랫동안 안 했어.,Daily Life,miracle
222,It bothers me that my skin breaks out every time I'm stressed.,bothers me that my skin breaks out,스트레스받을 때마다 피부 트러블이 생기는 게 신경 쓰여.,Daily Life,miracle
223,It's the classic interview question: where do you see yourself in 5 years?,where do you see yourself in 5 years,단골 면접 질문이잖아. 5년 후 어떤 모습일 것 같으세요?,Daily Life,miracle
224,Hey it's your turn. Did you walk the dog today?,Did you walk the dog,야 네 차례야. 오늘 개 산책시켰어?,Daily Life,miracle
225,I don't have all day. Just get to the point.,Just get to the point,시간이 많지 않아. 본론만 말해.,Daily Life,miracle
226,It's not perfect but don't look a gift horse in the mouth.,don't look a gift horse in the mouth,완벽하진 않지만 공짜로 받은 거에 불평하지 마.,Daily Life,miracle
227,I missed my morning meeting. I slept through the alarm.,I slept through the alarm,오전 회의에 못 갔어. 알람을 못 듣고 자버렸어.,Meetings,miracle
228,Look at these phones now. Technology has really come a long way.,Technology has really come a long way,요즘 폰들 좀 봐. 기술이 정말 많이 발전했어.,Daily Life,miracle
229,Working under him is exhausting. He picks on every little detail.,He picks on every little detail,그 밑에서 일하는 게 너무 힘들어. 사소한 것 하나하나 트집을 잡아.,Daily Life,miracle
230,They've been together for seven years and she's got the seven-year itch.,she's got the seven-year itch,걔네 7년째인데 그녀한테 권태기가 온 것 같아.,Daily Life,miracle
231,It's not much but it's better than nothing.,it's better than nothing,많은 건 아니지만 없는 것보단 낫지.,Daily Life,miracle
232,Hurry up! It's time to get on the bus.,It's time to get on the bus,빨리! 이제 버스 탈 시간이야.,Daily Life,miracle
233,He keeps interrupting the seniors. He doesn't know his place.,know his place,계속 선배들 말을 자르네. 분수를 모르는 것 같아.,Daily Life,miracle
234,You've prepared hard enough. Just go show them what you've got.,show them what you've got,충분히 준비했잖아. 가서 실력을 보여줘.,Daily Life,miracle
235,He fell fast asleep the moment his head hit the pillow.,He fell fast asleep,그는 베개에 머리를 대자마자 깊이 잠들었어.,Daily Life,miracle
236,Don't worry about them. We go way back.,We go way back,걔네 걱정 마. 우리 인연이 오래됐어.,Daily Life,miracle
237,Everything went wrong today. I'm totally having a bad hair day.,I'm totally having a bad hair day,오늘 모든 게 다 틀어졌어. 완전 재수없는 날이야.,Daily Life,miracle
238,I know it's frustrating but things don't always go your way.,things don't always go your way,답답한 거 알지만 일이 항상 뜻대로 되는 건 아니잖아.,Daily Life,miracle
239,I haven't seen you in forever. Let's catch up over lunch.,Let's catch up over lunch,너무 오랜만이다. 점심 먹으면서 밀린 얘기 하자.,Social,miracle
240,I heard this song on the radio and it totally brought me back.,me back,라디오에서 이 노래 들었는데 완전히 옛 기억이 떠올랐어.,Daily Life,miracle
241,Before you judge her put yourself in her place.,you judge her put yourself in her place,그녀를 판단하기 전에 그녀의 입장이 되어봐.,Daily Life,miracle
242,That watch is gorgeous. It must've cost you a fortune.,It must've cost you a fortune,그 시계 정말 멋지다. 엄청 비쌌겠다.,Daily Life,miracle
243,You can't hide it. It's written all over your face.,It's written all over your face,숨길 수가 없어. 얼굴에 다 써 있어.,Daily Life,miracle
244,We can't take a break. We're always short-handed.,We're always short-handed,쉴 수가 없어. 항상 인력이 부족하거든.,Daily Life,miracle
245,I can't turn my head. I think I pulled a muscle in my neck.,I pulled a muscle in my neck,고개를 못 돌리겠어. 목 근육을 삔 것 같아.,Daily Life,miracle
246,After five years of dating they finally walked down the aisle.,they finally walked down the aisle,5년 사귀고 드디어 결혼했어.,Daily Life,miracle
247,You've been so consistent this month. Keep up the good work!,Keep up the good work,이번 달 정말 꾸준히 잘했어. 계속 잘하고 있어!,Daily Life,miracle
248,The baby was crying all night. I didn't get a wink of sleep.,I didn't get a wink of sleep,아기가 밤새 울었어. 한숨도 못 잤어.,Daily Life,miracle
249,I've been here the longest and I was still passed over for a promotion.,was still passed over for a promotion,내가 제일 오래 있었는데도 승진에서 밀렸어.,Daily Life,miracle
250,You worked so hard this week. I'll treat you to dinner tonight.,I'll treat you to dinner tonight,이번 주 정말 고생했어. 오늘 저녁 내가 살게.,Social,miracle
251,I moved all those boxes and now my shoulder hurts like hell.,my shoulder hurts like hell,상자를 다 옮겼더니 어깨가 엄청 아파.,Daily Life,miracle
252,Whatever you decide I'm always behind you.,I'm always behind you,네가 어떤 결정을 하든 나는 항상 네 편이야.,Daily Life,miracle
253,You should be a teacher. You really have a way with kids.,You should be a teacher. You really have a way with kids,선생님 하면 좋겠다. 넌 애들을 정말 잘 다뤄.,Daily Life,miracle
254,It's tough living away from home but I'm biting the bullet.,I'm biting the bullet,타지 생활이 힘들지만 꾹 참고 하고 있어.,Daily Life,miracle
255,Don't say that. Are you trying to add fuel to the fire?,Are you trying to add fuel to the fire,그런 말 하지 마. 불에 기름을 붓는 거야?,Daily Life,miracle
256,The project is going to be delayed. We're already behind schedule.,We're already behind schedule,프로젝트가 늦어질 것 같아. 이미 일정이 밀리고 있어.,Daily Life,miracle
257,I can't get enough of this drama. I finished 3 episodes tonight.,can't get enough of,이 드라마가 아무리 봐도 질리지 않아. 오늘 밤에 3편 봤어.,Daily Life,miracle
258,The power was out all day. How did you get by without the internet?,How did you get by without,하루 종일 정전이었어. 인터넷 없이 어떻게 지냈어?,Daily Life,miracle
259,I rested all weekend and I'm feeling much better now.,I'm feeling much better,주말 내내 쉬었더니 이제 훨씬 나아진 것 같아.,Emotions & Opinions,miracle
260,I only had two glasses and I'm already tipsy. I really can't hold my liquor.,can't hold my liquor,두 잔밖에 안 마셨는데 벌써 취했어. 나 진짜 술이 약해.,Daily Life,miracle
261,Work-life balance is the most important thing. You can say that again!,You can say that again,일과 삶의 균형이 제일 중요하지. 완전 맞는 말이야!,Daily Life,miracle
262,You've been quiet all day. What's eating you?,What's eating you?,하루 종일 말이 없네. 무슨 일 있어?,Daily Life,miracle
263,This is your last audition. Don't hold anything back.,Don't hold anything back,이게 마지막 오디션이야. 뒤로 빼지 말고 다 해.,Daily Life,miracle
264,I want to come but I'll check if I can clear up my schedule.,I'll check if I can clear up my schedule,가고 싶은데 일정을 비울 수 있는지 확인해볼게.,Daily Life,miracle
265,I got the job but I have to move cities. I'm having mixed feelings.,I'm having mixed feelings,취업은 됐는데 이사를 해야 해. 기분이 복잡해.,Daily Life,miracle
266,You've put in so much effort this year. I hope you make it big next year.,I hope you make it big next year,올해 정말 열심히 했잖아. 내년에는 크게 성공하길 바라.,Daily Life,miracle
267,The city can swallow you up if you don't have a plan.,swallow you up,계획이 없으면 도시가 당신을 집어삼킬 수 있어.,Idioms & Patterns,ninenine
268,He was so nervous that he forgot his own name.,so nervous that,그는 너무 긴장해서 자기 이름도 잊어버렸어.,Emotions & Opinions,ninenine
269,She spent two hours trying to fix the error.,spent two hours trying,그녀는 그 오류를 고치는 데 두 시간을 보냈어.,Idioms & Patterns,ninenine
270,"It might seem risky, but it's actually a great opportunity.","might seem risky, but it's actually","위험해 보일 수 있지만, 사실은 좋은 기회야.",Idioms & Patterns,ninenine
271,"I said I was okay, but I was actually really hurt.",actually,"괜찮다고 했지만, 사실은 정말 마음이 많이 상했어.",Idioms & Patterns,ninenine
272,He walked into the cafe and immediately felt at home.,walked into,그가 카페에 걸어 들어오자마자 편안한 느낌이 들었어.,Idioms & Patterns,ninenine
273,"On hearing the news, she burst into tears.",On hearing,소식을 듣자마자 그녀는 눈물을 터뜨렸어.,Idioms & Patterns,ninenine
274,"I walked in to find everyone whispering. I asked, What's going on?",What's going on?,들어가 보니 모두 속삭이고 있었어. 무슨 일이야?라고 물었어.,Idioms & Patterns,ninenine
275,"After extra time, the final ended in a tie.",ended in a tie,연장전 끝에 결승전이 무승부로 끝났어.,Idioms & Patterns,ninenine
276,Reading out loud every day can really improve your pronunciation.,improve,매일 소리 내어 읽으면 발음을 정말 향상시킬 수 있어.,Idioms & Patterns,ninenine
277,He trained every morning for a year and finally made the team.,made the team,그는 1년 동안 매일 아침 훈련해서 마침내 팀에 선발됐어.,Daily Life,ninenine
278,"I ran into some old classmates, one of whom is now a doctor.",one of whom,"옛날 반 친구들을 우연히 만났는데, 그중 한 명은 지금 의사야.",Idioms & Patterns,ninenine
279,It could be that he's just too busy to reply.,It could be that,그가 너무 바빠서 답장을 못 하는 것일 수도 있어.,Daily Life,ninenine
280,"More than anything else, she just wanted to feel understood.",More than anything else,"무엇보다도, 그녀는 그냥 이해받고 싶었어.",Idioms & Patterns,ninenine
281,"I've known this neighborhood for years, but it still surprises me.",known this neighborhood for years,이 동네를 수년간 알고 지냈는데도 아직도 놀라울 때가 있어.,Idioms & Patterns,ninenine
282,"Before the interview, I took a few minutes to gather my thoughts.",gather my thoughts,면접 전에 잠깐 시간을 내서 생각을 정리했어.,Idioms & Patterns,ninenine
283,We got lucky and found the last two seats on the train.,got lucky,운이 좋아서 기차에서 마지막 두 자리를 찾았어.,Daily Life,ninenine
284,She got to the station just as the train was leaving.,got to,기차가 막 출발하는 순간에 역에 도착했어.,Daily Life,ninenine
285,"I figured it would rain, so I brought an umbrella.",figure,비가 올 것 같아서 우산을 챙겨왔어.,Daily Life,ninenine
286,He got busted for sneaking snacks into the cinema.,got busted for,그는 영화관에 몰래 간식을 들고 들어갔다가 걸렸어.,Daily Life,ninenine
287,I'm waiting for the day I can finally work from anywhere.,waiting for the day,마침내 어디서든 일할 수 있는 날을 기다리고 있어.,Idioms & Patterns,ninenine
288,"I've been eating the same lunch for so long, I barely taste it anymore.",been eating the same lunch for so long,같은 점심을 너무 오래 먹어와서 이제 맛도 잘 못 느껴.,Social,ninenine
289,The pain in my shoulder got worse after the move.,pain in,이사하고 나서 어깨 통증이 더 심해졌어.,Idioms & Patterns,ninenine
290,He mentioned that the deadline had been moved up.,mention,그는 마감일이 앞당겨졌다고 언급했어.,Meetings,ninenine
291,Sometimes you have to walk away from a situation that drains you.,walk away from,때로는 당신을 지치게 만드는 상황에서 벗어나야 해.,Idioms & Patterns,ninenine
292,It took the team a week to crack the bug.,crack,팀이 그 버그를 해결하는 데 일주일이 걸렸어.,Idioms & Patterns,ninenine
293,Would you do the honors and cut the ribbon at the opening?,do the honors,개막식에서 리본을 잘라주시겠어요?,Idioms & Patterns,ninenine
294,"I was failing every test, but now I'm getting top marks.","was failing every test, but now I'm getting","매번 시험에서 떨어지고 있었는데, 지금은 최고 점수를 받고 있어.",Idioms & Patterns,ninenine
295,Enjoy the good weather while it lasts.,while it lasts,좋은 날씨가 이어지는 동안 즐겨.,Daily Life,ninenine
296,Can you give me an update on how the negotiations are going?,give me an update on,협상이 어떻게 진행되고 있는지 업데이트해줄 수 있어?,Idioms & Patterns,ninenine
297,He's a huge fan of jazz and goes to concerts every month.,is a huge fan of,그는 재즈의 열렬한 팬이라 매달 콘서트에 가.,Idioms & Patterns,ninenine
298,"We already discussed this earlier this week, remember?",earlier this week,"이번 주 초에 이미 이 얘기 했잖아, 기억해?",Idioms & Patterns,ninenine
299,She decided to take a year off and travel the world.,decided to,그녀는 1년 휴직하고 세계 여행을 하기로 결정했어.,Idioms & Patterns,ninenine
300,The missing wallet was found under the seat on the bus.,was found,잃어버린 지갑이 버스 좌석 밑에서 발견됐어.,Daily Life,ninenine
301,"From the clues, I deduced that he had left before midnight.",deduced that,단서들을 통해 그가 자정 전에 떠났다고 추론했어.,Idioms & Patterns,ninenine
302,Let's catch up over dinner this weekend.,catch up over,이번 주말에 저녁 먹으면서 근황 얘기하자.,Social,ninenine
303,There's some gunk clogging the drain again.,gunk,또 배수구에 뭔가 끈적한 게 막혀 있어.,Idioms & Patterns,ninenine
304,You know how hard it is to stay focused when working from home.,You know how hard it is to,재택근무할 때 집중력 유지하는 게 얼마나 힘든지 알잖아.,Idioms & Patterns,ninenine
305,She always plays oldies when she cooks — mostly songs from the 70s.,oldies,그녀는 요리할 때 항상 옛날 노래를 틀어 — 주로 70년대 노래들이야.,Idioms & Patterns,ninenine
306,The band rehearsed for weeks before their big concert.,rehearse,밴드는 큰 콘서트 전에 몇 주 동안 리허설을 했어.,Idioms & Patterns,ninenine
307,It's getting late. We should head back before it gets dark.,head back,늦어지고 있어. 어두워지기 전에 돌아가야 해.,Idioms & Patterns,ninenine
308,Getting enough sleep should be priority one when you're sick.,priority one,아플 때는 충분한 수면이 최우선 과제야.,Idioms & Patterns,ninenine
309,Don't rush into it. Think it through first.,Think it through,서두르지 마. 먼저 끝까지 생각해봐.,Idioms & Patterns,ninenine
310,I'm taking a short break. Wanna grab a coffee with me?,grab a coffee,잠깐 쉬려고 하는데. 나랑 커피 한잔 할래?,Social,ninenine
311,I asked my neighbor to water my plants while I was away.,asked my neighbor to,여행 중에 이웃에게 화분에 물을 줘달라고 부탁했어.,Idioms & Patterns,ninenine
312,"He laughed, but I think he completely missed the point of the joke.",missed the point,"그가 웃었지만, 농담의 요점을 완전히 놓친 것 같아.",Idioms & Patterns,ninenine
313,I have a few points to make before we close this meeting.,have a few points to make,회의를 마치기 전에 몇 가지 하고 싶은 말이 있어.,Meetings,ninenine
314,I don't really have a type. I just go with the connection.,have a type,딱히 이상형은 없어. 그냥 마음이 가는 대로야.,Idioms & Patterns,ninenine
315,"We found a cozy cabin in the mountains, which is perfect for a digital detox.",which is perfect for,"산속에 아늑한 오두막을 찾았는데, 디지털 디톡스에 딱이야.",Idioms & Patterns,ninenine
316,I'll go anywhere but there. Too many bad memories.,but,거기만 빼고 어디든 갈게. 나쁜 기억이 너무 많아.,Idioms & Patterns,ninenine
317,The presentation was pretty good for a first draft.,pretty,첫 번째 초안치고는 발표가 꽤 좋았어.,Meetings,ninenine
318,Quitting your stable job to start a business is a big swing.,a big swing,안정적인 직장을 그만두고 사업을 시작하는 건 큰 모험이야.,Daily Life,ninenine
319,She's really into hiking lately. She goes every weekend.,is really into hiking,그녀는 요즘 하이킹에 완전 빠져 있어. 매주 주말에 가거든.,Idioms & Patterns,ninenine
320,It's important to set clear boundaries at work.,It's important to,직장에서 명확한 경계를 설정하는 게 중요해.,Idioms & Patterns,ninenine
321,I went on the Internet to look up the symptoms and scared myself.,went on the Internet,증상을 검색하러 인터넷을 했다가 겁먹었어.,Emotions & Opinions,ninenine
322,We spent an hour searching for a restaurant that everyone liked.,searching for,모두가 좋아하는 식당을 찾느라 한 시간을 보냈어.,Social,ninenine
323,Did you hear anything about the new policy change?,hear anything about,새 정책 변경에 대해 들은 거 있어?,Idioms & Patterns,ninenine
324,I wish I were in Bali right now instead of sitting in this meeting.,I wish I were,이 회의에 앉아 있는 대신 지금 발리에 있으면 좋겠어.,Meetings,ninenine
325,The once-famous singer is now considered washed-up after years of bad press.,washed-up,한때 유명했던 가수가 몇 년간의 나쁜 평판 끝에 이제는 한물간 것으로 여겨져.,Idioms & Patterns,ninenine
326,Don't bother asking him — he's just a pencil pusher with no real authority.,pencil pusher,그에게 물어봤자 소용없어. 결정권이 없는 서류 처리자일 뿐이야.,Idioms & Patterns,ninenine
327,She's always been concerned with how others perceive her.,is always been concerned with,그녀는 항상 남들이 자신을 어떻게 보는지에 신경을 써.,Idioms & Patterns,ninenine
328,I didn't mean it as a complaint. I didn't expect you to interpret it that way.,interpret it that way,불평으로 한 말이 아니었어. 그런 식으로 해석할 줄 몰랐어.,Idioms & Patterns,ninenine
329,Holiday alert: The library will be closed on Monday for the public holiday.,Holiday alert: The library will be closed,휴일 알림: 공휴일로 인해 월요일에 도서관이 문을 닫습니다.,Idioms & Patterns,ninenine
330,You must be joking — they're charging $20 for a cup of coffee?,You must be joking,농담이겠지 — 커피 한 잔에 20달러를 받는다고?,Social,ninenine
331,"Sorry, I can't talk right now. I'm in the middle of cooking dinner.",in the middle of,"미안, 지금 얘기하기 어려워. 저녁 요리하는 중이거든.",Social,ninenine
332,How would you describe your management style in three words?,describe,당신의 관리 스타일을 세 단어로 설명하자면 어떻게 하겠어요?,Idioms & Patterns,ninenine
333,It's kind of awkward seeing your ex at the same gym.,kind of,같은 헬스장에서 전 연인을 보는 건 좀 어색해.,Daily Life,ninenine
334,Please inform me about any updates as soon as you hear them.,inform me about,소식이 오는 대로 바로 알려줘.,Idioms & Patterns,ninenine
335,It's not necessary for everyone to attend. Just send a representative.,It's not necessary for everyone to,모두가 참석할 필요는 없어. 대표자만 보내.,Idioms & Patterns,ninenine
336,Let me quickly recap what we covered in the first half.,recap,전반부에 다룬 내용을 빠르게 정리해볼게요.,Meetings,ninenine
337,Let's see... I think the nearest pharmacy is two blocks away.,Let's see,어디보자... 가장 가까운 약국이 두 블록 거리인 것 같아.,Daily Life,ninenine
338,The instructions say to let it cool for 10 minutes before serving.,says to,설명서에 서빙 전에 10분간 식히라고 나와 있어.,Idioms & Patterns,ninenine
339,His tone implied he wasn't happy with the decision.,imply,그의 말투는 그 결정에 만족하지 않는다는 걸 암시했어.,Idioms & Patterns,ninenine
340,She's so rule-following that she won't bend the rules even for her own team.,rule-following,그녀는 너무 원칙주의라 자기 팀을 위해서도 규칙을 굽히지 않아.,Idioms & Patterns,ninenine
341,Could you speak up a little? It's hard to hear you at the back.,speak up,좀 더 크게 말해줄 수 있어? 뒤에서는 잘 안 들려.,Idioms & Patterns,ninenine
342,"The next time you visit, let's try that new restaurant downtown.",The next time,다음번에 올 때 시내에 새로 생긴 식당에 가보자.,Social,ninenine
343,I can't decide which course to take — both sound really interesting.,can't decide which course to,어떤 강의를 들을지 결정 못 하겠어 — 둘 다 정말 흥미로워.,Idioms & Patterns,ninenine
344,I wonder if she got home safe. She hasn't texted yet.,I wonder if,그녀가 무사히 집에 갔는지 모르겠어. 아직 문자가 없어.,Idioms & Patterns,ninenine
345,"I didn't want to cancel, but I had no other choice.",had no other choice,"취소하고 싶지 않았지만, 다른 선택지가 없었어.",Idioms & Patterns,ninenine
346,"The design looks great. More importantly, does it actually work?",More importantly,"디자인은 멋있어. 더 중요한 건, 실제로 작동하나?",Idioms & Patterns,ninenine
347,Don't worry about the presentation. I'll take care of it.,take care of,발표 걱정 마. 내가 처리할게.,Meetings,ninenine
348,Silence! The judge is about to speak.,Silence!,조용히! 판사가 말씀하시려 해.,Idioms & Patterns,ninenine
349,He showed up at my door with flowers just to cheer me up.,cheer me up,그는 나를 기분 좋게 해주려고 꽃을 들고 내 문 앞에 나타났어.,Idioms & Patterns,ninenine
350,Can I have a word with you after the meeting? It won't take long.,have a word with,회의 끝나고 잠깐 얘기할 수 있어? 오래 안 걸려.,Meetings,ninenine
351,Same. I don't enjoy networking events at all.,Same,나도 마찬가지야. 네트워킹 행사가 전혀 즐겁지 않아.,Idioms & Patterns,ninenine
352,The minimalist design appeals to people who prefer clean spaces.,appeals to,미니멀한 디자인은 깔끔한 공간을 선호하는 사람들에게 어필해.,Idioms & Patterns,ninenine
353,This café has such a laid-back vibe. I could stay here all day.,has such a laid-back vibe,이 카페는 정말 여유로운 분위기야. 하루 종일 있을 수 있을 것 같아.,Idioms & Patterns,ninenine
354,We waited in line for two hours to get into the exhibition.,waited in line,전시회에 들어가려고 두 시간 동안 줄 서서 기다렸어.,Idioms & Patterns,ninenine
355,Her confidence has improved significantly since she joined the debate club.,improved significantly,토론 동아리에 가입한 이후로 그녀의 자신감이 크게 향상됐어.,Idioms & Patterns,ninenine
356,This new battery technology could be a real game-changer for electric vehicles.,game-changer,이 새로운 배터리 기술은 전기차 분야의 진정한 판도를 바꿀 수 있어.,Idioms & Patterns,ninenine
357,"I never liked mornings, but somehow I've become a morning person.",never liked,"아침을 좋아한 적이 한 번도 없었는데, 어쩌다 보니 아침형 인간이 됐어.",Idioms & Patterns,ninenine
358,"To be fair, she did warn us this might happen.",To be fair,"공정하게 말하자면, 그녀는 이런 일이 생길 수 있다고 경고했어.",Idioms & Patterns,ninenine
359,The factory laid off 200 workers due to budget cuts.,off,예산 삭감으로 공장에서 직원 200명을 해고했어.,Idioms & Patterns,ninenine
360,He's been on parental leave since January and comes back next month.,on parental leave,그는 1월부터 육아휴직 중이고 다음 달에 복귀해.,Idioms & Patterns,ninenine
361,It's never too late to change your career path if you're unhappy.,change your career path,불행하다면 커리어 방향을 바꾸기에 결코 늦지 않아.,Idioms & Patterns,ninenine
362,"I get scared of speaking in public, even in small groups.",get scared of speaking,소규모 그룹에서도 사람들 앞에서 말하는 게 겁이 나.,Emotions & Opinions,ninenine
363,She didn't want to date again because she was afraid of getting hurt.,getting hurt,그녀는 상처받을까 봐 다시는 연애하고 싶지 않았어.,Idioms & Patterns,ninenine
364,"After years away from the industry, she felt she had lost her edge.",lost her edge,업계를 몇 년 떠나 있다가 경쟁력을 잃은 것 같다고 느꼈어.,Idioms & Patterns,ninenine
365,We had a small incident with the delivery — the package got wet in the rain.,had a small incident with,배송 중에 작은 해프닝이 있었어 — 비에 젖었거든.,Idioms & Patterns,ninenine
366,She's been really jumpy ever since the break-in at her neighbor's place.,jumpy,이웃집 도둑 사건 이후로 그녀는 정말 예민해졌어.,Idioms & Patterns,ninenine
367,"Ever since she moved abroad, she's been a lot happier.",Ever since,해외로 이사한 이후로 그녀는 훨씬 더 행복해졌어.,Idioms & Patterns,ninenine
368,Tell me about your biggest achievement in the last year.,Tell me about,지난 한 해 동안 가장 큰 성취에 대해 말해봐.,Idioms & Patterns,ninenine
369,"The drive was long, but the view from the top was worth seeing.",worth seeing,"드라이브가 길었지만, 정상에서의 경치는 볼 만한 가치가 있었어.",Idioms & Patterns,ninenine
370,"Of all the options we have, this one makes the most sense.",Of all,우리가 가진 모든 선택지 중에서 이게 가장 말이 돼.,Idioms & Patterns,ninenine
371,He's hard to read — I never know if he's happy or just being polite.,hard to read,그는 속을 알기 어려워 — 진심인지 그냥 예의상 그러는 건지 모르겠어.,Idioms & Patterns,ninenine
372,We ran out of printer paper right before the deadline.,ran out of,마감 직전에 프린터 용지가 다 떨어졌어.,Meetings,ninenine
373,All documents need to be submitted by the end of the day.,All documents need to be,모든 서류는 오늘 하루가 끝나기 전에 제출해야 해.,Idioms & Patterns,ninenine
374,I'll grab some milk on my way back from the gym.,on my way back,헬스장에서 돌아오는 길에 우유 사올게.,Daily Life,ninenine
375,She's a real grinder — she never takes shortcuts and always gives 100%.,grinder,그녀는 진정한 노력파야 — 절대 지름길을 택하지 않고 항상 100%를 다해.,Idioms & Patterns,ninenine
376,"I'm not mad, but just a little disappointed.","not mad, but just",화난 게 아니라 그냥 조금 실망한 거야.,Emotions & Opinions,ninenine
377,"He works harder than anyone else on the team, but rarely gets recognized.",harder than anyone else,"팀에서 누구보다 열심히 일하는데, 좀처럼 인정을 못 받아.",Idioms & Patterns,ninenine
378,She proved herself to be the most dedicated member of the group.,proved herself to be,그녀는 그룹에서 가장 헌신적인 멤버임을 증명했어.,Idioms & Patterns,ninenine
379,"He's had a tough month, but he's handling it really well.",had a tough,"힘든 한 달을 보냈지만, 정말 잘 버티고 있어.",Idioms & Patterns,ninenine
380,Don't make any commitments without checking with me first.,without checking with me first,먼저 나한테 확인하지 않고 어떤 약속도 하지 마.,Idioms & Patterns,ninenine
381,I prefer cooking at home over eating out these days.,prefer cooking at home over eating,요즘은 외식보다 집에서 요리하는 걸 더 좋아해.,Idioms & Patterns,ninenine
382,Prices have gone way up since last year. Everything is more expensive.,gone way up,작년보다 물가가 훨씬 올랐어. 모든 게 더 비싸졌어.,Idioms & Patterns,ninenine
383,She's passionate about environmental issues and volunteers every weekend.,is passionate about,그녀는 환경 문제에 열정적이어서 매주 주말에 자원봉사를 해.,Idioms & Patterns,ninenine
384,Can you put away your phone during dinner? Please.,put away,저녁 식사 중에는 폰 좀 내려놔줄 수 있어? 제발.,Social,ninenine
385,The only person who can fix this is you.,only person who can fix this is,이걸 고칠 수 있는 유일한 사람은 바로 너야.,Idioms & Patterns,ninenine
386,That was very well put. You explained it better than I could have.,well put,정말 잘 표현했어. 나보다 더 잘 설명했어.,Idioms & Patterns,ninenine
387,Let's take some time to examine what went wrong last quarter.,examine,지난 분기에 무엇이 잘못됐는지 살펴볼 시간을 갖자.,Idioms & Patterns,ninenine
388,Safety training is mandated for all new employees before they start.,is mandated,모든 신입 직원은 시작 전에 안전 교육이 의무화되어 있어.,Daily Life,ninenine
389,Can you explain how this system works to the new team members?,explain how,신규 팀원들에게 이 시스템이 어떻게 작동하는지 설명해줄 수 있어?,Idioms & Patterns,ninenine
390,Bringing it up again now will only make things worse.,only make things worse,지금 다시 꺼내봤자 상황을 더 악화시킬 뿐이야.,Idioms & Patterns,ninenine
391,"Absolutely, that's exactly what I was thinking.",Absolutely,"완전히 동의해, 그게 딱 내가 생각하던 거야.",Idioms & Patterns,ninenine
392,Please don't take anything from the storage room without permission.,take anything from,허락 없이 창고에서 아무것도 가져가지 마세요.,Idioms & Patterns,ninenine
393,Good catch on the typo in the report. I almost missed it.,Good catch,보고서 오타 잘 잡아냈어. 나는 거의 놓칠 뻔했어.,Meetings,ninenine
394,Be sure to save your work before closing the laptop.,Be sure to,노트북을 닫기 전에 꼭 작업 내용을 저장해.,Idioms & Patterns,ninenine
395,I won't say anything unless you ask me to.,unless,네가 부탁하지 않는 한 아무 말도 하지 않을게.,Idioms & Patterns,ninenine
396,Can you lay off texting me during work hours?,lay off texting,근무 시간에 문자 보내는 것 좀 그만해줄 수 있어?,Idioms & Patterns,ninenine
397,It's unfair that he gets all the credit when we all worked equally hard.,It's unfair that,우리 모두 똑같이 열심히 일했는데 그만 공을 인정받는 건 불공평해.,Idioms & Patterns,ninenine
398,Filling out all this paperwork is a real pain in the ass.,pain in the ass,이 서류를 전부 작성하는 건 정말 짜증나는 일이야.,Idioms & Patterns,ninenine
399,The timeline is a little too tight. Can we push the deadline by a week?,a little too tight,일정이 조금 너무 빠듯해. 마감을 일주일 늦출 수 있어?,Meetings,ninenine
400,Are you serious about moving to a different city? That's a big decision.,Are you serious about,다른 도시로 이사하는 거 진심이야? 큰 결정인데.,Idioms & Patterns,ninenine
401,She seems really confident about the pitch. I think it'll go well.,seems really confident about,그녀는 그 피치에 대해 정말 자신감 있어 보여. 잘 될 것 같아.,Idioms & Patterns,ninenine
402,The northern lights look like something out of a movie. I can't believe it's real.,look like something out of a movie,오로라가 영화에서 나온 것 같아. 이게 현실이라는 게 믿기지 않아.,Idioms & Patterns,ninenine
403,The painting found in the attic turned out to be valued at over a million dollars.,be valued at,다락방에서 발견된 그 그림이 백만 달러 이상으로 평가됐어.,Idioms & Patterns,ninenine
404,You did an amazing job on the presentation. The client was impressed.,did an amazing job on,발표 정말 잘했어. 클라이언트가 감동받았어.,Meetings,ninenine
405,We gorged ourselves on pizza and wings at the game night.,gorged ourselves on,게임 나이트에서 피자와 닭 날개를 배가 터지도록 먹었어.,Idioms & Patterns,ninenine
406,"To avoid missing the flight, I always arrive at the airport two hours early.",To avoid missing,비행기를 놓치지 않으려고 항상 두 시간 일찍 공항에 도착해.,Daily Life,ninenine
407,The way bees communicate through dance is absolutely fascinating.,fascinating,벌들이 춤으로 소통하는 방식은 정말 매혹적이야.,Idioms & Patterns,ninenine
408,You better call your mom. She's been trying to reach you all day.,You better,엄마한테 전화하는 게 좋을 거야. 하루 종일 연락하려고 했거든.,Idioms & Patterns,ninenine
409,I'll let you know as soon as I hear back from them.,let you know,그쪽에서 답이 오는 대로 바로 알려줄게.,Idioms & Patterns,ninenine
410,"Speaking of traveling, have you been anywhere interesting lately?",Speaking of,"여행 얘기가 나온 김에, 요즘 어디 재미있는 곳에 가봤어?",Idioms & Patterns,ninenine
411,Are you up to grabbing a bite after work?,Are you up to grabbing,퇴근 후에 뭔가 먹을 생각 있어?,Idioms & Patterns,ninenine
412,I'll head out around 7. That okay by you?,That okay by you?,7시쯤 출발할게. 괜찮아?,Idioms & Patterns,ninenine
413,It looks like it's going to be a long night. Grab some coffee.,It looks like it's going to,긴 밤이 될 것 같아. 커피 챙겨.,Social,ninenine
414,I'll see if anyone is free to cover for you tomorrow.,see if,내일 대신해줄 수 있는 사람이 있는지 알아볼게.,Idioms & Patterns,ninenine
415,"I'm on coffee duty today, so I'll get everyone's orders.",on coffee duty,오늘 내가 커피 담당이라 다들 주문 받을게.,Social,ninenine
416,Don't bother explaining it to him. It's a complete waste of breath.,waste of breath,그한테 설명하려고 하지 마. 완전히 입 아픈 짓이야.,Idioms & Patterns,ninenine
417,I'll check in with you tomorrow morning to see how things are going.,check in with,내일 아침에 어떻게 되어가는지 확인할게.,Idioms & Patterns,ninenine
418,She couldn't come up with a good excuse.,come up with,그녀는 그럴싸한 변명을 생각해내지 못했어.,Work & Office,guseul
419,I need to put together a budget report by tomorrow.,put together,내일까지 예산 보고서를 만들어야 해.,Meetings,guseul
420,I'll keep you posted as things develop.,keep you posted,상황이 진전되는 대로 계속 알려줄게.,Work & Office,guseul
421,Can we move up the call to 2 PM instead?,move,통화를 오후 2시로 앞당길 수 있을까요?,Work & Office,guseul
422,"Okay, let's move on to the next topic.",move on,"좋아, 다음 주제로 넘어가자.",Work & Office,guseul
423,Let's pick this up first thing tomorrow.,pick this up,내일 첫 번째로 이어서 하자.,Work & Office,guseul
424,I'll go pick up dinner on the way home.,pick up,집에 가는 길에 저녁 사올게.,Social,guseul
425,She picked up on my nervousness right away.,picked up on,그녀는 바로 내가 긴장했다는 걸 눈치챘어.,Emotions & Opinions,guseul
426,Let me know if anything changes.,Let me know,뭔가 바뀌면 알려줘.,Work & Office,guseul
427,I'll have this done by noon at the latest.,at the latest,늦어도 정오까지는 끝내놓을게.,Work & Office,guseul
428,We need to figure out how to cut costs.,figure out,비용을 줄일 방법을 생각해봐야 해.,Work & Office,guseul
429,Just give me a ballpark figure for the renovation.,ballpark figure,인테리어 비용이 대략 어느 정도인지 알려줘.,Work & Office,guseul
430,I'm stuck at the office. There's so much to do.,stuck at the office,사무실에서 꼼짝 못하고 있어. 할 일이 너무 많아.,Work & Office,guseul
431,Before I leave I want to say how proud I am of this team.,I want to say,떠나기 전에 이 팀이 얼마나 자랑스러운지 말하고 싶어.,Work & Office,guseul
432,Get some rest this weekend. I mean it.,I mean it,이번 주말에 좀 쉬어. 진심이야.,Work & Office,guseul
433,Let's grab a quick coffee before the meeting.,grab,회의 전에 빠르게 커피 한잔 하자.,Meetings,guseul
434,I always enjoy your company at these events.,company,이런 행사에서 함께하면 항상 좋아.,Work & Office,guseul
435,"Hey, is this a good time to go over the numbers?",is this a good time,지금 숫자 검토하기 괜찮아?,Meetings,guseul
436,Did I catch you at a bad time? I can call back later.,Did I catch you at a bad time?,바쁠 때 전화했어? 나중에 다시 전화해도 돼.,Email & Phone,guseul
437,Sorry to call so late. I just wanted to check in.,Sorry to call so late,이렇게 늦게 전화해서 미안. 그냥 잘 있나 확인하고 싶어서.,Work & Office,guseul
438,Sorry to call so early. Something urgent came up.,Sorry to call so early,이렇게 일찍 전화해서 미안. 급한 일이 생겼어.,Work & Office,guseul
439,May I ask who's calling? She's here but just stepped out.,May I ask who's calling?,실례지만 누구시죠? 계시긴 한데 잠깐 자리를 비우셨어요.,Email & Phone,guseul
440,May I ask what this is regarding? I'll pass along the message.,May I ask what this is regarding?,무슨 건으로 연락하셨나요? 전달해드릴게요.,Work & Office,guseul
441,She's not available at the moment. Can I take a message?,at the moment,지금 자리를 비우셨어요. 메모 남겨드릴까요?,Email & Phone,guseul
442,When can I expect to hear from you about the contract?,When can I expect to hear from you,계약 관련해서 언제쯤 연락 주실 거라고 생각하면 될까요?,Email & Phone,guseul
443,We'll be in touch once we've made a decision.,be in touch,결정이 나는 대로 연락드릴게요.,Work & Office,guseul
444,Can you send me the files ASAP? It's urgent.,ASAP,파일을 최대한 빨리 보내줄 수 있어? 급해.,Email & Phone,guseul
445,Please don't hesitate to contact us with any concerns.,hesitate,우려되는 점이 있으시면 주저 말고 연락 주세요.,Work & Office,guseul
446,Feel free to drop by anytime.,Feel free to,언제든지 편하게 들러요.,Work & Office,guseul
447,It was really nice talking to you today. Let's do it again.,was really nice talking to you,오늘 대화 정말 좋았어. 또 이야기하자.,Work & Office,guseul
448,You stayed late to help me finish this. You're the best!,You're the best,늦게까지 남아서 도와줬잖아. 최고야!,Work & Office,guseul
449,We haven't spoken in months. We really need to catch up.,catch up,몇 달째 얘기를 못 했어. 진짜 밀린 얘기 나눠야 해.,Social,guseul
450,Let's all get together before the holidays.,get together,명절 전에 다 같이 모이자.,Social,guseul
451,I actually find public speaking kind of exciting.,find,나는 사실 발표하는 게 좀 신난다고 생각해.,Work & Office,guseul
452,The timeline is tight but I think it's doable.,doable,일정이 촉박하지만 할 수 있을 것 같아.,Work & Office,guseul
453,Did you sleep at all? You look exhausted.,at all,조금이라도 잤어? 너무 피곤해 보여.,Emotions & Opinions,guseul
454,If there's anything at all I can help with just say so.,at all,조금이라도 도울 수 있는 게 있으면 말해줘.,Work & Office,guseul
455,Can I call you back? I'm in the middle of cooking dinner.,in the middle of cooking,다시 전화해도 될까? 지금 저녁 만들고 있어.,Email & Phone,guseul
456,I didn't mean to leave you out. I'm really sorry.,I didn't mean to,일부러 너를 빼려고 한 게 아니었어. 정말 미안해.,Work & Office,guseul
457,The cleaning can wait. Let's go for a walk.,wait,청소는 나중에 해도 돼. 산책 가자.,Work & Office,guseul
458,We need to go over the contract before signing.,go over,서명하기 전에 계약서를 검토해야 해.,Meetings,guseul
459,I'm sorry you had to go through all of this alone.,go through,이 모든 걸 혼자 겪어야 했다니 정말 유감이야.,Work & Office,guseul
460,I'll go with the blue one. It's more my style.,go with,파란 걸로 할게. 내 스타일에 더 맞아.,Work & Office,guseul
461,You look pale. You should really get some rest.,get some rest,얼굴이 창백해. 좀 쉬는 게 좋겠어.,Work & Office,guseul
462,I finally got what she was trying to say.,got what she was trying to say,그녀가 하려던 말을 드디어 이해했어.,Work & Office,guseul
463,I got my sister to proofread my essay.,got my sister to,여동생한테 내 에세이 교정 봐달라고 했어.,Work & Office,guseul
464,I've been staring at the screen for hours. I need to take a break.,take a break,몇 시간째 화면만 쳐다보고 있어. 좀 쉬어야겠어.,Work & Office,guseul
465,Don't worry. I'll take it from here.,take it from here,걱정 마. 여기서부터는 내가 맡아서 할게.,Work & Office,guseul
466,My boss took the whole team out for dinner.,took the whole team out,팀장님이 팀 전체를 저녁 대접해주셨어.,Social,guseul
467,I'm the one who made the call so I'll take responsibility.,take responsibility,내가 결정한 거니까 내가 책임질게.,Work & Office,guseul
468,You should take advantage of the fact that you're young.,take advantage of,젊다는 걸 최대한 활용해야 해.,Work & Office,guseul
469,Thank you so much for your hospitality. We loved every minute.,hospitality,진심으로 환대해주셔서 감사해요. 정말 즐거운 시간이었어요.,Daily Life,guseul
470,The event's over. I think I'm going to take off.,take off,행사 끝났네. 이제 가봐야 할 것 같아.,Work & Office,guseul
471,You must be starving. Let me get you something to eat.,must be starving,배가 엄청 고프겠다. 뭐 좀 가져다줄게.,Work & Office,guseul
472,Her colleagues speak very highly of her work ethic.,speak very highly of,동료들이 그녀의 직업의식에 대해 정말 좋게 얘기해.,Work & Office,guseul
473,That color suits you perfectly.,suit,그 색이 너한테 정말 잘 어울려.,Work & Office,guseul
474,If you don't mind me asking how long have you two been together?,If you don't mind me asking,"이런 걸 여쭤봐도 될지 모르겠지만, 두 분이 사귄 지 얼마나 됐어요?",Work & Office,guseul
475,Hey how was your day? Looked stressful from the outside.,how was your day?,"야, 오늘 하루 어땠어? 밖에서 봤는데 힘들어 보이던데.",Work & Office,guseul
476,"How's work? Same old, same old, honestly.","Same old, same old",일은 어때? 솔직히 늘 똑같지 뭐.,Work & Office,guseul
477,Do you have plans this Saturday? We're having a get-together.,have plans,이번 토요일에 약속 있어? 우리 모임 하거든.,Work & Office,guseul
478,I can't live with a neat freak. I like my mess.,neat freak,지나치게 깔끔 떠는 사람이랑은 못 살겠어. 나는 좀 어질러도 돼.,Work & Office,guseul
479,She's going to freak out when she hears this news.,freak out,이 소식 들으면 그녀가 엄청 놀랄 거야.,Work & Office,guseul
480,That ramen shop down the street is legit. You have to try it.,legit,길 아래 그 라멘 가게 진짜 맛있어. 꼭 먹어봐야 해.,Work & Office,guseul
481,The quality isn't great but at least it was cheap.,cheap,품질은 별로지만 그래도 저렴하긴 했어.,Work & Office,guseul
482,I was surprised how affordable that hotel was.,affordable,그 호텔이 얼마나 가격이 합리적인지 놀랐어.,Work & Office,guseul
483,This coffee tastes a bit weird. Did you put salt in it?,weird,이 커피 맛이 좀 이상한데. 소금 넣었어?,Social,guseul
484,You've been acting weird since this morning. What happened?,weird,아침부터 좀 이상하게 행동하는 것 같아. 무슨 일이야?,Work & Office,guseul
485,I'm kind of nervous about tomorrow's presentation.,kind of,내일 발표가 좀 떨려.,Meetings,guseul
486,Sorry about the mess. I wasn't expecting company.,mess,어질러져 있어서 미안. 손님이 올 줄 몰랐어.,Work & Office,guseul
487,Don't mess this up. It's your last chance.,mess this up,이거 망치지 마. 마지막 기회야.,Work & Office,guseul
488,I saw this coming a mile away. We should have fixed it sooner.,I saw this coming,진작부터 이럴 줄 알았어. 더 일찍 고쳤어야 했는데.,Work & Office,guseul
489,What brings you here? I didn't know you were in town.,What brings you here?,여긴 어쩐 일이야? 네가 이쪽에 있는 줄 몰랐어.,Work & Office,guseul
490,I'd rather talk about this in person than over text.,in person,이건 문자보다 직접 만나서 얘기하는 게 좋을 것 같아.,Work & Office,guseul
491,I've been trying to reach my landlord but he's not picking up.,reach,집주인한테 계속 연락하려 하는데 전화를 안 받아.,Daily Life,guseul
492,I'm not really in the mood for going out tonight.,not really in the mood for going,오늘 밤 밖에 나가고 싶은 기분이 아니야.,Work & Office,guseul
493,Is there anything I can do? Just let me know.,Is there anything I can do?,내가 뭔가 해줄 수 있는 게 있어? 말만 해줘.,Work & Office,guseul
494,Is there anything else I should know before the meeting?,else,회의 전에 제가 더 알아야 할 게 있나요?,Meetings,guseul
495,Let me check with the team and I'll get back to you.,get back to,팀에 확인하고 다시 연락드릴게요.,Work & Office,guseul
496,Accounting is a bit outside my area of expertise.,area of expertise,회계는 제 전문 분야에서 조금 벗어나요.,Work & Office,guseul
497,Thank you for taking time out of your busy schedule to meet with us.,Thank you for taking time out of your busy schedule,바쁘신데 저희 만남을 위해 시간 내주셔서 정말 감사드립니다.,Daily Life,guseul
498,We're almost done. Let's wrap this up and call it a day.,wrap this up,거의 다 됐어. 마무리하고 집에 가자.,Meetings,guseul
499,It's been a long day. Let's just call it a night.,call it a night,오늘 정말 긴 하루였어. 이제 마무리하고 집에 가자.,Work & Office,guseul
500,I have to run some errands after work. I'll be home late.,errand,퇴근 후에 볼일이 좀 있어. 늦게 들어올 거야.,Work & Office,guseul
501,I know I let you down. Let me make it up to you with dinner.,make it up to,실망시킨 거 알아. 저녁 대접하는 걸로 만회할게.,Social,guseul
502,Don't worry about the bill. It's my treat.,treat,계산 걱정 마. 내가 대접할게.,Social,guseul
503,Get whatever you want. This round's on me.,on me,먹고 싶은 거 다 시켜. 이번 건 내가 쏠게.,Social,guseul
504,Please let me drive you home. I insist.,I insist,집까지 바래다드릴게요. 거절 마세요.,Work & Office,guseul
505,You helped me move last year. It's the least I can do.,It's the least I can do,작년에 이사 도와줬잖아. 이 정도는 해줘야지.,Work & Office,guseul
506,We understand it was an honest mistake. Let's figure out how to fix it.,honest mistake,의도치 않은 실수였다는 거 이해해. 어떻게 고칠지 생각해보자.,Work & Office,guseul
507,You gave a solid presentation today. Really well done.,solid,오늘 발표 정말 탄탄했어. 잘했어.,Meetings,guseul
508,Thanks for the heads up about the schedule change. I'll plan accordingly.,Thanks for the heads up,일정 변경 미리 알려줘서 고마워. 그에 맞게 계획할게.,Work & Office,guseul
509,Please RSVP by this Friday so we can book the right number of seats.,RSVP,좌석 예약을 위해 이번 주 금요일까지 참석 여부 알려주세요.,Email & Phone,guseul
510,Of course I'll come to your graduation. I'll be there.,I'll be there,당연히 졸업식 갈게. 거기 있을게.,Social,guseul
511,I really tried to make it to your recital. I'm so sorry I couldn't.,make,정말 발표회에 가려고 했는데. 못 가서 너무 미안해.,Work & Office,guseul
512,Did you get a chance to speak with the manager about that?,Did you get a chance to,매니저한테 그 얘기 할 기회가 있었어?,Work & Office,guseul
513,If you don't mind me asking how did you two meet?,If you don't mind me asking,"이런 걸 여쭤봐도 될지 모르겠지만, 두 분은 어떻게 만나셨어요?",Work & Office,guseul
514,With all due respect I think we're missing the bigger picture.,With all due respect,외람된 말씀이지만 더 큰 그림을 놓치고 있는 것 같아요.,Work & Office,guseul
515,Can you send this over by today if possible?,if possible,가능하다면 오늘 중으로 보내줄 수 있어?,Email & Phone,guseul
516,I was wondering if you'd have time to look over my resume.,I was wondering if,제 이력서를 검토할 시간이 있으실지 궁금했어요.,Work & Office,guseul
517,No problem at all. It was my pleasure.,thank you,전혀요. 제가 더 좋았는걸요.,Work & Office,guseul
518,I hope you're doing well. It's been a while since we last spoke.,doing,잘 지내고 계시길 바랍니다. 마지막으로 연락한 지 꽤 됐네요.,Work & Office,guseul
519,I hope you're having a great week so far. Just wanted to check in.,having,이번 주도 좋은 한 주 보내고 계시길 바랍니다. 안부 전하려고 연락드렸어요.,Work & Office,guseul
520,It's so great to hear from you. It's been ages!,It's so great to hear from you,연락이 와서 너무 반가워. 정말 오랜만이다!,Email & Phone,guseul
521,Oh my gosh what a nice surprise! I didn't know you were coming.,what a nice surprise!,세상에 이런 반가운 일이! 올 줄 몰랐어.,Work & Office,guseul
522,Please see the attached invoice for your reference.,attach,참고용으로 첨부한 청구서를 확인 부탁드립니다.,Email & Phone,guseul
523,I'll CC the rest of the team so everyone's up to date.,CC the team,모두가 최신 내용을 알 수 있도록 팀 전체를 참조인으로 추가할게요.,Email & Phone,guseul
524,Can you forward me the original email thread?,forward,원래 이메일 스레드 저한테 전달해줄 수 있어요?,Email & Phone,guseul
525,I just wanted to follow up and see if you'd had a chance to review the proposal.,follow up,제안서 검토할 기회가 있으셨는지 확인차 연락드렸어요.,Email & Phone,guseul
526,Do you have any follow-up questions I can help with?,follow-up,제가 도움드릴 수 있는 추가 질문이 있으신가요?,Work & Office,guseul
527,Is it okay if I bring a friend to the party?,Is it okay,파티에 친구를 데려와도 괜찮을까요?,Social,guseul
528,Please note that the office will be operating on reduced hours next week.,Please note that,다음 주에 사무실이 단축 운영된다는 점 참고 부탁드립니다.,Email & Phone,guseul
529,I'll make a note of your preference for future reference.,make a note of,향후 참고를 위해 선호하시는 점을 메모해두겠습니다.,Work & Office,guseul
530,Please submit your application by midnight.,submit by midnight,자정까지 지원서를 제출해주세요.,Work & Office,guseul
531,I'll be at my desk until 6 PM if you need to reach me.,until,저는 오후 6시까지 자리에 있을 거예요. 연락 필요하시면 주세요.,Email & Phone,guseul
532,Do you have any further concerns before we proceed?,further,진행하기 전에 추가 우려 사항이 있으신가요?,Meetings,guseul
533,I won't be in the meeting but please keep me in the loop.,keep me in the loop,회의에는 못 가지만 진행 상황 계속 알려줘.,Meetings,guseul
534,I've attached a few examples. I hope this helps!,I hope this helps,예시 몇 가지를 첨부했어요. 도움이 됐으면 좋겠습니다!,Email & Phone,guseul
535,I don't have an answer right now but I'll get back to you as soon as I can.,I'll get back to you as soon as I can,지금 당장 답변 드리기 어렵지만 최대한 빨리 연락드릴게요.,Work & Office,guseul
536,She's turning 30 next month. We're planning a surprise party.,turn,그녀가 다음 달에 30살이 돼. 깜짝 파티를 계획하고 있어.,Social,guseul
537,Wait your turn! Everyone will get a chance.,turn,차례 기다려! 다들 기회가 있을 거야.,Work & Office,guseul
538,The business was struggling but things are starting to turn around.,turn around,사업이 힘들었는데 상황이 나아지기 시작하고 있어.,Daily Life,guseul
539,I really hope things work out for you in your new city.,work out,새 도시에서 다 잘 풀리길 진심으로 바라.,Work & Office,guseul
540,We were nervous about the party but it turned out amazing.,turned out,파티가 걱정됐는데 결과적으로 정말 멋졌어.,Social,guseul
541,What started as a small argument turned into a big fight.,turned into,작은 다툼으로 시작한 게 결국 큰 싸움이 됐어.,Work & Office,guseul
542,Can you turn off the lights on your way out?,turn off,나갈 때 불 꺼줄 수 있어?,Work & Office,guseul
543,I can barely hear the TV. Can you turn it up a bit?,turn it up,TV 소리가 거의 안 들려. 좀 키워줄 수 있어?,Work & Office,guseul
544,She turned down the promotion because of the commute.,turned down,출퇴근 때문에 승진 제안을 거절했어.,Daily Life,guseul
545,I'm gonna have to cancel our plans tonight. I'm so sorry.,I'm gonna have to,오늘 밤 약속을 취소해야 할 것 같아. 정말 미안해.,Work & Office,guseul
546,That message you sent me this morning really made my day.,you sent me this morning really made my day,오늘 아침에 보내준 그 메시지가 정말 하루를 기분 좋게 만들어줬어.,Work & Office,guseul
547,The original file got deleted so I had to start from scratch.,from scratch,원본 파일이 삭제돼서 처음부터 다시 시작해야 했어.,Work & Office,guseul
548,The budget is limited but we'll make it work somehow.,make it work,예산이 제한적이지만 어떻게든 되게 할게.,Work & Office,guseul
549,This is not your decision to make. Please let the team decide.,make,네가 내릴 결정이 아니야. 팀이 결정하도록 해줘.,Work & Office,guseul
550,I don't feel comfortable going alone. Can you come with me?,don't feel comfortable,혼자 가기가 좀 불편해. 같이 가줄 수 있어?,Work & Office,guseul
551,Is the training session mandatory or optional this time?,mandatory or optional,이번 교육은 의무인가요 아니면 선택인가요?,Daily Life,guseul
552,We're making every effort to deliver the project on time.,making every effort to,프로젝트를 제때 납품하기 위해 최선을 다하고 있어요.,Work & Office,guseul
553,You only get two weeks off a year. Make the most of it.,Make the most of,일 년에 휴가가 2주밖에 없잖아. 최대한 잘 써야 해.,Work & Office,guseul
554,Make sure you get there early to save us seats.,Make sure,자리 잡아두게 일찍 가도록 해.,Work & Office,guseul
555,Before we finalize I'd love to get your input on this.,input,확정하기 전에 이 부분에 대한 네 의견을 꼭 듣고 싶어.,Work & Office,guseul
556,Is there any way to expedite the approval process?,expedite,승인 절차를 더 빨리 진행할 수 있는 방법이 있을까요?,Work & Office,guseul
557,Sorry I haven't replied sooner. I've been completely swamped.,swamped,더 빨리 답장 못 해서 미안. 정말 정신없이 바빴어.,Work & Office,guseul
558,I can't take on anything new right now. I'm absolutely slammed.,slammed,지금 새로운 건 맡을 수 없어. 완전히 할 일이 가득해.,Work & Office,guseul
559,You finished it on time despite everything. Give yourself a pat on the back.,Give yourself a pat on the back,그 모든 상황에도 제때 끝냈잖아. 스스로 잘했다고 칭찬해줘.,Work & Office,guseul
560,Thank you for everything. I truly couldn't have done this without you.,couldn't have done this without you,모든 것에 감사해. 정말 너 없이는 할 수 없었을 거야.,Work & Office,guseul
561,The new bakery is just down the street from my office.,down the street,사무실에서 길 아래 바로 새 빵집이 생겼어.,Work & Office,guseul
562,The skills you're learning now will pay off down the road.,down the road,지금 배우고 있는 기술들이 앞으로 도움이 될 거야.,Work & Office,guseul
563,Eating healthy is hard now but it pays off in the long run.,in the long run,지금은 건강하게 먹는 게 힘들지만 장기적으로 보면 효과가 있어.,Work & Office,guseul
564,I'm so frustrated with this slow internet connection.,frustrated,인터넷이 너무 느려서 짜증나.,Emotions & Opinions,guseul
565,I called my teacher 'mom' in front of the whole class. I was so embarrassed.,embarrassed,반 전체 앞에서 선생님을 '엄마'라고 불렀어. 너무 민망했어.,Emotions & Opinions,guseul
566,He was devastated when his proposal got rejected.,devastated,프로포즈가 거절당했을 때 그는 망연자실했어.,Meetings,guseul
567,I can tell you're upset. Do you want to talk about it?,upset,화난 거 알 것 같아. 얘기하고 싶어?,Emotions & Opinions,guseul
568,She was humiliated when her boss corrected her in front of everyone.,humiliated,상사가 모든 사람 앞에서 그녀를 지적했을 때 굴욕적이었어.,Work & Office,guseul
569,It was great catching up but I gotta run. Let's do this again!,I gotta run,얘기 나눠서 좋았는데 가봐야 해. 또 만나자!,Work & Office,guseul
570,I need to run a quick errand. I'll meet you there.,run a quick errand,잠깐 볼일 보고 올게. 거기서 만나자.,Work & Office,guseul
571,I've been running around all day trying to get ready for the trip.,running around,여행 준비하느라 하루 종일 이리저리 뛰어다녔어.,Work & Office,guseul
572,While the director is away I'll be in charge.,be in charge,감독이 없는 동안 제가 담당할게요.,Work & Office,guseul
573,"Sorry, the previous call ran late. I'll be there in 5.",ran late,"죄송해요, 이전 통화가 늦게 끝났어요. 5분 안에 갈게요.",Work & Office,guseul
574,I ran into my college roommate at the airport.,ran into,공항에서 대학교 룸메이트를 우연히 만났어.,Daily Life,guseul
575,We ran into some unexpected delays with the shipment.,ran into,배송에 예상치 못한 지연이 생겼어.,Work & Office,guseul
576,I ran across an old friend while traveling in Europe.,ran across,유럽 여행 중에 오랜 친구를 우연히 만났어.,Work & Office,guseul
577,I ran across a really helpful tip while reading online.,ran across,인터넷 검색하다가 정말 유용한 팁을 우연히 발견했어.,Work & Office,guseul
578,Before I send this can I run it by you quickly?,run it by,이거 보내기 전에 빠르게 네 의견을 물어봐도 될까?,Work & Office,guseul
579,We're running out of coffee. Someone needs to make a run.,run,커피가 다 떨어지고 있어. 누군가 사러 가야 할 것 같아.,Social,guseul
580,Let's quickly run through the key points before the meeting.,run through,회의 전에 핵심 내용을 빠르게 훑어보자.,Meetings,guseul
581,Bear with me for a second. I just need to find the right slide.,Bear with,잠깐만 기다려주세요. 슬라이드를 찾아야 해서요.,Work & Office,guseul
582,It's not that complicated. I'll show you.,not that complicated,그렇게 복잡하지 않아. 보여줄게.,Work & Office,guseul
583,The traffic was bad earlier but it's not that bad now.,not that bad,아까 교통이 막혔는데 지금은 그렇게 나쁘지 않아.,Daily Life,guseul
584,You drove me home last time. I owe you dinner.,owe,저번에 집에 바래다줬잖아. 내가 저녁 살게.,Social,guseul
585,I owe you an explanation. That wasn't fair.,owe,설명을 해야 할 것 같아. 그건 공평하지 않았어.,Work & Office,guseul
586,We need to hit the road early if we want to beat traffic.,hit the road,교통 막히기 전에 일찍 출발해야 해.,Daily Life,guseul
587,He really appreciates the effort you put into this.,appreciate,그는 네가 이 일에 쏟은 노력의 진가를 정말 알아봐.,Work & Office,guseul
588,I really appreciate you taking the time to meet with me.,appreciate,시간 내어 만나주셔서 정말 감사합니다.,Work & Office,guseul
589,The color is blue-ish. It's hard to describe exactly.,-ish,색이 약간 파란색 같아. 정확히 설명하기 어려워.,Work & Office,guseul
590,Is there enough room in the car for all of us?,room,차에 우리 모두가 탈 공간이 충분해?,Work & Office,guseul
591,Leave some room. We're getting dessert later.,room,좀 남겨놔. 나중에 디저트 먹을 거야.,Work & Office,guseul
592,There's no room for mistakes on this one.,room,이번엔 실수할 여유가 없어.,Work & Office,guseul
593,Your writing is strong but there's always room for improvement.,room for improvement,글쓰기 실력은 좋은데 항상 개선할 여지는 있지.,Work & Office,guseul
594,She nailed the audition. I think she's going to get the part.,nailed,오디션을 완벽하게 해냈어. 그 역할을 따낼 것 같아.,Work & Office,guseul
595,That was an impressive comeback in the second half.,impressive,후반전에 인상적인 역전이었어.,Work & Office,guseul
596,After all those years of hard work you deserve this success.,deserve,그 몇 년 동안의 노력 끝에 이 성공을 누릴 자격이 있어.,Work & Office,guseul
597,Atta boy! That's the fastest you've ever run.,Atta,잘했어! 이제까지 가장 빨리 달린 거야.,Work & Office,guseul
598,Let me update my resume before I start applying.,resume,지원하기 전에 이력서를 업데이트해야겠어.,Work & Office,guseul
599,The package is supposed to arrive by Friday.,is supposed to,패키지가 금요일까지 도착하기로 되어 있어.,Work & Office,guseul
600,We were supposed to finish this yesterday.,were supposed to,우리 어제까지 이걸 끝내기로 되어 있었는데.,Work & Office,guseul
601,If the system crashes what am I supposed to do?,what am I supposed to do?,시스템이 충돌하면 내가 뭘 해야 해?,Work & Office,guseul
602,You said 'we'll see.' What's that supposed to mean?,What's that supposed to mean?,'두고 보자'고 했는데 그게 무슨 뜻이야?,Work & Office,guseul
603,I'm between jobs right now but I'm actively looking.,looking,지금은 구직 중이지만 열심히 찾고 있어.,Work & Office,guseul
604,Here's my card. Let's keep in touch.,keep in touch,명함 드릴게요. 계속 연락해요.,Work & Office,guseul
605,The chef sent out an extra dish. It's on the house.,on the house,셰프가 추가 요리를 보내줬어. 서비스래.,Social,guseul
606,It's your birthday. Everything is my treat today.,my treat,오늘 네 생일이잖아. 오늘은 다 내가 살게.,Social,guseul
607,Meeting my best friends was the best thing about college.,college,가장 친한 친구들을 만난 게 대학 시절 최고의 일이었어.,Meetings,guseul
608,She's out of the office this week. I'll have her contact you.,out of the office,이번 주에 자리를 비우셨어요. 연락드리라고 할게요.,Work & Office,guseul
609,Are you a morning person? I can never wake up early.,person,아침형 인간이야? 나는 일찍 일어나는 게 너무 힘들어.,Work & Office,guseul
610,I'm thinking about taking a semester off to travel.,taking a semester off,여행하려고 한 학기 휴학할까 생각 중이야.,Work & Office,guseul
611,She's on maternity leave so I'm covering for her.,maternity leave,그녀가 출산 휴가 중이라서 내가 대신하고 있어.,Work & Office,guseul
612,This is time-sensitive. Can you put everything else on hold?,time-sensitive,이건 급한 일이야. 다른 건 잠깐 미뤄도 될까?,Meetings,guseul
613,The team delivered a great turnaround on a really tight deadline.,turnaround,팀이 매우 촉박한 마감에도 빠르게 훌륭하게 처리했어.,Meetings,guseul
614,She's always so responsive. I get a reply within minutes.,responsive,그녀는 항상 빠르게 반응해. 몇 분 안에 답장이 와.,Work & Office,guseul
615,Hey you wanted to see me? I just got your message.,you wanted to see me?,"안녕하세요, 부르셨어요? 방금 메시지 받았어요.",Work & Office,guseul
616,I can't promise anything but I'll see what I can do.,I'll see what I can do,약속은 못 하지만 어떻게 되는지 해볼게요.,Work & Office,guseul
617,Do you validate parking for customers?,validate parking,고객들 주차 승인해주시나요?,Daily Life,guseul
618,Before we wrap up let's do a quick recap of today's decisions.,recap,마무리하기 전에 오늘 결정 사항들을 빠르게 요약해보자.,Meetings,guseul
619,Where did we leave off last time? I lost my notes.,off,저번에 어디까지 했지? 노트를 잃어버렸어.,Work & Office,guseul
620,You said there were issues. Could you elaborate a bit more?,elaborate,문제가 있다고 했는데 좀 더 자세히 말해줄 수 있어?,Work & Office,guseul
621,Could you walk me through the sign-up process?,walk me through,가입 절차를 차근차근 설명해줄 수 있나요?,Work & Office,guseul
622,I missed the kickoff meeting. Can someone fill me in?,fill me in,킥오프 미팅에 못 갔어. 누가 설명해줄 수 있어?,Meetings,guseul
623,Feel free to reach out anytime if you have questions.,Feel free to,질문이 있으시면 언제든지 편하게 연락 주세요.,Email & Phone,guseul
624,The proposal is almost there. It just needs a few tweaks.,tweak,제안서가 거의 다 됐어. 몇 가지만 살짝 수정하면 돼.,Meetings,guseul
625,Before deciding let's go over the pros and cons.,pros and cons,결정하기 전에 장단점을 살펴보자.,Meetings,guseul
626,I need to weigh my options before committing to anything.,weigh,뭔가에 헌신하기 전에 선택지를 잘 따져봐야 해.,Work & Office,guseul
627,Finishing the client report is my top priority today.,priority,오늘 클라이언트 보고서 완성이 1순위야.,Work & Office,guseul
628,We need to prioritize the most urgent tasks first.,prioritize,가장 긴급한 업무부터 먼저 처리해야 해.,Work & Office,guseul
629,I'd be happy to cover your shift if you need a day off.,I'd be happy to,네가 하루 쉬어야 한다면 내가 기꺼이 대신할게.,Work & Office,guseul
630,The food's here. Enjoy your lunch!,Enjoy your lunch,음식 나왔어요. 맛있게 드세요!,Social,guseul
631,Have a great weekend and enjoy the rest of your week!,rest of,좋은 주말 보내고 남은 한 주도 잘 마무리해요!,Work & Office,guseul
632,Are you enjoying the new neighborhood?,enjoy,새 동네는 마음에 들어?,Work & Office,guseul
633,Sorry to keep you waiting. The train was delayed.,Sorry to keep you waiting,기다리게 해서 미안. 기차가 연착됐어.,Daily Life,guseul
634,Could you excuse me for just a moment? I need to take this call.,excuse,잠깐 실례해도 될까요? 이 전화 받아야 해서요.,Work & Office,guseul
635,No please go ahead. I'll order after you.,go ahead,"아니요, 먼저 하세요. 저는 그다음에 주문할게요.",Social,guseul
636,Sorry to interrupt but there's an urgent call for you.,Sorry to interrupt,"방해해서 죄송한데요, 급한 전화가 왔어요.",Work & Office,guseul
637,I wish I had more time to travel.,wish,여행할 시간이 더 많으면 좋을텐데.,Emotions & Opinions,guseul
638,I wish I could join you but I have a prior commitment.,wish I could join you but,같이 가고 싶은데 선약이 있어.,Emotions & Opinions,guseul
639,Could you help me out with the heavy lifting?,help me out with,짐 드는 거 좀 도와줄 수 있어?,Work & Office,guseul
640,I wish you all the best in your new role.,wish,새 역할에서 모든 일이 잘 되기를 바랍니다.,Emotions & Opinions,guseul
641,Wish me luck! I'm going into my final interview.,Wish me luck!,잘 되길 빌어줘! 마지막 면접 들어가.,Work & Office,guseul
642,"Break a leg tonight, not that you need it.",not that you need it,오늘 밤 잘하고 와. 뭐 네가 잘하겠지.,Work & Office,guseul
643,I hope everything goes smoothly on your end.,hope,거기서도 다 순조롭게 진행되길 바라.,Work & Office,guseul
644,What's your biggest takeaway from today's training?,takeaway,오늘 교육에서 가장 크게 배운 점이 뭐야?,Daily Life,guseul
645,Would you prefer a table or a booth?,booth,테이블 자리를 원하세요 아니면 부스 자리를 원하세요?,Social,guseul
646,The weather is perfect today. Let's sit on the patio.,patio,오늘 날씨가 완벽해. 야외 테라스에 앉자.,Social,guseul
647,How many people are in your party tonight?,party,오늘 밤 일행이 총 몇 분이세요?,Social,guseul
648,The reservation should be under Kim. K-I-M.,under,예약이 Kim으로 되어 있을 거예요. K-I-M.,Social,guseul
649,I made a reservation for two at 7 PM.,made a reservation,오후 7시에 2명으로 예약했어.,Social,guseul
650,We don't need sparkling. Tap water's fine for the table.,Tap water,탄산수는 필요 없어요. 수돗물로 주세요.,Work & Office,guseul
651,This is just a first draft. I'll refine it after getting your feedback.,draft,이건 그냥 첫 번째 초안이야. 피드백 받은 후에 다듬을게.,Work & Office,guseul
652,Does the steak come with sides or are they extra?,Does the steak come with,스테이크에 사이드가 포함돼 있나요 아니면 추가요금인가요?,Work & Office,guseul
653,Can you give us a minute? We haven't looked at the menu yet.,Can you give us a minute?,잠깐만 주시겠어요? 아직 메뉴를 못 봤어요.,Social,guseul
654,We can't finish this. Can we get a to-go box?,to-go box,다 못 먹겠어. 포장 용기 좀 받을 수 있을까요?,Work & Office,guseul
655,How do I put this? It's a bit complicated.,How do I put this,어떻게 설명하지? 좀 복잡한데.,Work & Office,guseul
656,I think I left my sunglasses on the table.,leave,테이블에 선글라스를 두고 온 것 같아.,Work & Office,guseul
657,It was so generous of you to help. Thank you.,generous,도와줘서 정말 고마워. 정말 관대한 마음이야.,Work & Office,guseul
658,You got in? I'm so happy for you!,I'm so happy for you,합격했어? 나 너무 기쁘다!,Work & Office,guseul
659,The amount of emails I get every day is overwhelming.,overwhelm,매일 받는 이메일의 양이 정말 벅차.,Email & Phone,guseul
660,I'm overwhelmed by everyone's support. Thank you so much.,overwhelm,모두의 응원에 감동이 벅차오르네요. 정말 감사합니다.,Emotions & Opinions,guseul
661,When you get a chance could you review this document?,When you get a chance,시간될 때 이 문서 좀 검토해줄 수 있어?,Work & Office,guseul
662,If you get a chance the exhibition is really worth seeing.,If you get a chance,시간 된다면 그 전시회 정말 볼 만해.,Work & Office,guseul
663,This is going to be tough but let's roll up our sleeves and get to it.,roll up our sleeves,쉽지 않겠지만 적극적으로 임해서 해보자.,Work & Office,guseul
664,I want to make sure this is crystal clear before we move forward.,crystal clear,진행하기 전에 이 부분이 완전히 명확한지 확인하고 싶어요.,Work & Office,guseul
665,She's available 24-7. Just text her anytime.,24-7,그녀는 언제나 연락이 돼. 아무 때나 문자해.,Work & Office,guseul
666,Don't decide right now. Sleep on it and let me know tomorrow.,Sleep on it,지금 당장 결정하지 마. 생각해보고 내일 알려줘.,Work & Office,guseul
667,I'd love to but can I take a rain check? I have a deadline.,take a rain check,정말 가고 싶은데 다음으로 미뤄도 될까? 마감이 있어.,Meetings,guseul
668,I'd love to help but my plate is already full right now.,full,도와주고 싶은데 지금 내가 해야 할 게 너무 많아.,Work & Office,guseul
669,We can talk about it over coffee. Are you free tomorrow?,over,커피 마시면서 얘기하면 어때. 내일 시간 돼?,Social,guseul
670,I might have to work late again tonight. Don't wait up.,work late,오늘도 또 야근해야 할 것 같아. 기다리지 마.,Work & Office,guseul
671,What time do you usually get off? Let's grab dinner after.,get off,보통 몇 시에 퇴근해? 그 후에 저녁 먹자.,Social,guseul
672,All your hard work finally paid off. You should be proud.,hard work,그동안의 노력이 드디어 빛을 발했어. 자랑스러워해야 해.,Work & Office,guseul
673,What project are you working on these days?,working on,요즘 어떤 프로젝트 하고 있어?,Work & Office,guseul
674,Let's find a time that works for everyone. We'll work around your schedule.,work around your schedule,모두에게 맞는 시간을 찾아보자. 네 일정에 맞출게.,Work & Office,guseul
675,It's a tough problem but I know we can work through it together.,work through,어려운 문제이지만 같이 해결할 수 있다고 믿어.,Work & Office,guseul
676,I'm crashing. I need a pick-me-up. Let's get some snacks.,pick-me-up,기운이 없어. 기분 전환이 필요해. 간식 좀 먹자.,Work & Office,guseul
677,Whatever you decide is fine. It doesn't matter to me.,It doesn't matter to me,네가 뭘 결정하든 괜찮아. 나는 상관없어.,Work & Office,guseul
678,I'm honestly fine with whatever for dinner.,I'm honestly fine with whatever,저녁은 진짜 뭐든 괜찮아.,Social,guseul
679,Are you up for trying that new Thai place tonight?,Are you up for,오늘 밤 그 새 태국 식당 가볼래?,Work & Office,guseul
680,Are we still on for the meeting at 3?,still,3시에 회의 아직 유효해?,Meetings,guseul
681,Let me at least buy you coffee. I won't take no for an answer.,I won't take no for an answer,최소한 커피 한잔은 사게 해줘. 거절은 사절이야.,Social,guseul
682,I haven't slept in days. I could really use some rest.,could really use,며칠 동안 잠을 못 잤어. 진짜 쉬어야겠어.,Work & Office,guseul
683,You look tired. I thought you could use some tea.,you could use,피곤해 보여서 차 마시면 좋겠다 싶었어.,Work & Office,guseul
684,This is delicious! You should open a restaurant.,delicious,이거 진짜 맛있다! 식당 차려야겠는데.,Social,guseul
685,It's good but honestly I've had better.,I've had better,맛있긴 한데 솔직히 더 맛있는 것도 먹어봤어.,Work & Office,guseul
686,This soup is so full of flavor. What's in it?,full of flavor,이 수프 풍미가 정말 가득해. 뭐가 들어간 거야?,Work & Office,guseul
687,Something's off. It tastes a bit weird today.,Something,뭔가 이상해. 오늘 맛이 좀 다른 것 같아.,Work & Office,guseul
688,My nephew has such a sweet tooth. He can eat a whole cake.,sweet tooth,내 조카는 단 걸 정말 좋아해. 케이크를 통째로 먹을 수 있어.,Work & Office,guseul
689,I've been craving ramen all week. Let's finally go.,crave,일주일 내내 라멘이 당겼어. 드디어 가자.,Work & Office,guseul
690,Is there any way we could get a table a bit sooner?,Is there any way,좀 더 일찍 자리를 잡을 수 있는 방법이 있을까요?,Work & Office,guseul
691,My schedule is packed but I'll try to squeeze you in at 2.,squeeze you in,일정이 꽉 찼는데 2시에 짬을 내볼게.,Work & Office,guseul
692,The manual is full of technical terms. Can you speak English please?,speak English,설명서가 전문 용어로 가득해. 쉽게 설명해줄 수 있어?,Work & Office,guseul
693,I lied. There's actually one more thing I need to tell you.,I lied,앗 잘못 말했어. 사실 하나 더 말해야 할 게 있어.,Work & Office,guseul
694,Oh my bad. I sent that to the wrong person.,my bad,앗 내가 실수했네. 엉뚱한 사람한테 보냈어.,Work & Office,guseul
695,Oh stop it you're so silly! But seriously thanks for making me laugh.,you're so silly,그만해 너 참 엉뚱하다! 근데 진짜로 웃겨줘서 고마워.,Work & Office,guseul
696,This stupid printer keeps jamming at the worst time.,stupid,이 짜증나는 프린터가 최악의 타이밍에 계속 걸려.,Work & Office,guseul
697,Are you sure? I don't want you to go out of your way.,Are you sure?,정말 그래도 돼? 수고하게 하기 싫어서.,Work & Office,guseul
698,Can you look over my cover letter before I submit it?,look over,제출하기 전에 내 자기소개서 좀 봐줄 수 있어?,Work & Office,guseul
699,Let's go over the key points one more time before we wrap up.,go over,마무리하기 전에 핵심 내용을 한 번 더 살펴보자.,Meetings,guseul
700,The audit was very thorough. They didn't miss a single detail.,thorough,감사가 정말 꼼꼼했어. 세세한 부분 하나도 놓치지 않았어.,Work & Office,guseul
701,This is my go-to song whenever I'm stressed.,go-to,나 스트레스받을 때마다 즐겨 듣는 노래야.,Work & Office,guseul
702,Don't thank me. I know you would have done the same for me.,I know you would have done the same for me,고맙다고 하지 마. 너도 날 위해 똑같이 해줬을 거잖아.,Work & Office,guseul
703,I have no idea what to do next. That makes two of us.,That makes two of us,다음에 뭘 해야 할지 모르겠어. 나도 마찬가지야.,Work & Office,guseul
704,Just a quick question — is the deadline tomorrow or Friday?,quick question,간단한 질문인데 마감이 내일이야 아니면 금요일이야?,Meetings,guseul
705,You gave me your word. You can't back out now.,word,약속했잖아. 이제 물러설 수 없어.,Work & Office,guseul
706,You've been really quiet today. Is everything okay?,Is everything okay?,오늘 너무 조용하네. 다 괜찮아?,Work & Office,guseul
707,Thank you for the pep talk. I really needed that today.,pep talk,격려해줘서 고마워. 오늘 정말 필요했어.,Work & Office,guseul
708,Congratulations on the award. No one deserves it more.,No one deserves it more,수상 축하해. 그 누구보다 더 받을 자격이 있어.,Work & Office,guseul
709,Please make yourself comfortable while I get the paperwork ready.,make yourself comfortable,서류 준비하는 동안 편히 계세요.,Work & Office,guseul
710,We found a really cozy little spot for our study sessions.,cozy,공부할 때 딱 맞는 아늑한 공간을 찾았어.,Work & Office,guseul
711,The snow was so bad we were stuck inside all weekend.,was so bad we were stuck,눈이 너무 심해서 주말 내내 집에만 있었어.,Work & Office,guseul
712,When can I expect the delivery to arrive?,expect,배송이 언제쯤 도착할 거라고 생각하면 될까요?,Work & Office,guseul
713,Did you hear? They're having their first baby. She's expecting!,She's expecting,들었어? 첫째 낳을 예정이래. 임신 중이야!,Work & Office,guseul
714,Excuse me do you have a minute? I have a quick favor to ask.,do you have a minute?,실례지만 잠깐 시간 있으세요? 부탁드릴 게 있어서요.,Work & Office,guseul
715,Call me the minute you land. I'll be worried.,minute,착륙하자마자 전화해. 걱정될 거야.,Emotions & Opinions,guseul
716,Did you do your homework on the venue before booking?,homework,예약하기 전에 장소에 대해 미리 알아봤어?,Work & Office,guseul
717,I don't know how she juggles three kids and a full-time job.,juggle,어떻게 아이 셋에 정규직까지 다 해내는지 모르겠어.,Work & Office,guseul
718,This is nuts. We've been waiting for 2 hours.,nuts,이거 말도 안 돼. 2시간째 기다리고 있어.,Work & Office,guseul
719,My son is absolutely nuts about dinosaurs.,nuts about,내 아들이 공룡에 완전히 빠져 있어.,Work & Office,guseul
720,Don't worry. I'll cover for you. You're off the hook.,off the hook,"걱정 마, 내가 대신할게. 이번엔 벗어났어.",Work & Office,guseul
721,I hate making last-minute changes. It stresses everyone out.,last-minute,막판에 변경하는 거 정말 싫어. 모두를 스트레스받게 해.,Emotions & Opinions,guseul
722,It was a tough call but I think we made the right one.,call,어려운 결정이었지만 옳은 선택을 한 것 같아.,Work & Office,guseul
723,Could we take another look at this before sending it out?,Could we take another look at this,보내기 전에 이거 한번 더 봐도 될까요?,Work & Office,blaire
724,Bear with me for just a sec. I need to find the right file.,Bear with me for just a sec,잠깐만 기다려줘. 파일 찾아야 해.,Work & Office,blaire
725,I was wondering if you could help me with this presentation.,I was wondering if you could help me with this,이 발표 자료 좀 도와줄 수 있을까요?,Meetings,blaire
726,Would it be possible to change the meeting time?,Would it be possible to change,회의 시간을 변경하는 게 가능할까요?,Meetings,blaire
727,Could you take a look at my resume when you get a chance?,Could you take a look at my resume when you get a chance,시간 될 때 제 이력서 한번 봐줄 수 있어요?,Work & Office,blaire
728,I'm still confused. Could you walk me through that one more time?,Could you walk me through that one more time?,아직 잘 모르겠어요. 한 번 더 설명해줄 수 있어요?,Work & Office,blaire
729,I'd love to help but I'm afraid that won't be possible right now.,I'm afraid that won't be possible right now,도와드리고 싶은데 지금 당장은 어려울 것 같아요.,Emotions & Opinions,blaire
730,"I wish I could help, but that's really outside what I can do.","wish I could help, but that's really outside what I can do",도와드리고 싶은데 그건 정말 제 역할 밖의 일이에요.,Emotions & Opinions,blaire
731,This approach isn't working. We might need to explore other options.,We might need to explore other options,이 방법이 안 되고 있어. 다른 방법을 찾아봐야 할 것 같아.,Work & Office,blaire
732,I'd love to come but I have a conflict at that time.,I have a conflict at that time,가고 싶은데 그 시간에 일정이 겹쳐요.,Work & Office,blaire
733,I can't decide this alone. That's not really my call to make.,That's not really my call to make,나 혼자 결정할 수 없어. 내가 결정할 사안이 아니야.,Work & Office,blaire
734,Ask the manager about that. That's above my pay grade.,That's above my pay grade,그건 매니저한테 물어봐. 내 권한 밖이야.,Work & Office,blaire
735,It's a big decision. Let me sleep on it and get back to you.,Let me sleep on it,큰 결정이라서요. 생각해보고 다시 연락드릴게요.,Work & Office,blaire
736,"Before we proceed, I think there might be a slight issue here.",I think there might be a slight issue here,진행하기 전에 여기서 약간 문제가 있을 것 같아요.,Meetings,blaire
737,I respect your view but I have a slightly different take on this.,I have a slightly different take on this,의견은 존중하지만 저는 조금 다르게 봐요.,Work & Office,blaire
738,I'm not entirely sure about that. Let me double-check.,I'm not entirely sure about that,그 부분이 완전히 확실하지 않아요. 다시 확인해볼게요.,Work & Office,blaire
739,"If I were you, I might look at it from a different angle.",I might look at it from a different angle,내가 너라면 다른 각도에서 봐볼 것 같아.,Work & Office,blaire
740,"I see where you're coming from, but I think differently about this.","I see where you're coming from, but I think differently",무슨 말인지 알겠는데 이 부분은 저는 다르게 생각해요.,Work & Office,blaire
741,"That's a good point, but have you considered the cost?","That's a good point, but have you considered",좋은 지적이에요. 근데 비용도 고려해봤어요?,Work & Office,blaire
742,I like the overall design. Could we tweak this part a little?,Could we tweak this part a little?,전체적인 디자인은 좋은데 이 부분만 조금 수정할 수 있을까요?,Work & Office,blaire
743,"Good effort, but I think there's still room for improvement here.",think there's still room for improvement here,수고했는데 여기는 아직 개선할 여지가 있을 것 같아.,Work & Office,blaire
744,Love the direction. One small thing though — the font feels a bit off.,Love the direction. One small thing though,"방향은 마음에 들어요. 근데 딱 한 가지, 폰트가 좀 어색해요.",Work & Office,blaire
745,"No rush, but can you take a second look at this when you have time?",can you take a second look at this when you have time?,급하진 않은데 시간 날 때 이거 한번 더 봐줄 수 있어?,Work & Office,blaire
746,Have you thought about trying a different approach?,Have you thought about trying,다른 방법을 시도해보는 건 생각해봤어?,Work & Office,blaire
747,This part really stands out — it's exactly what the project needed.,This part really stands out,이 부분이 정말 돋보여요 — 프로젝트에 딱 필요한 거였어요.,Work & Office,blaire
748,"Before we move on, something came up that we need to address.",something came up that we need to address,다음으로 넘어가기 전에 짚고 넘어가야 할 게 생겼어.,Work & Office,blaire
749,I appreciate the effort but this isn't quite what I expected.,this isn't quite what I expected,수고는 했는데 제가 기대했던 것과는 조금 달라요.,Work & Office,blaire
750,Heads-up — there might be a slight delay on our end.,there might be a slight delay,미리 알려드려요. 저희 쪽에서 약간 지연될 수 있을 것 같아요.,Work & Office,blaire
751,I'm not sure what it is but something seems a bit off here.,something seems a bit off here,뭔지 모르겠는데 여기서 뭔가 좀 이상한 것 같아.,Work & Office,blaire
752,Take another look. Something doesn't seem quite right.,Something doesn't seem quite right,다시 봐봐. 뭔가 좀 이상한 것 같아.,Work & Office,blaire
753,I got the wrong package. I think there might have been a mix-up.,I think there might have been a mix-up,엉뚱한 물건이 왔어요. 뭔가 착오가 있었던 것 같아요.,Work & Office,blaire
754,Our team is facing a budget issue due to recent cost-cutting measures.,facing a budget issue due to recent,비용 절감 조치로 우리 팀이 예산 문제에 직면해 있어.,Work & Office,blaire
755,Before we fix anything we need to figure out the root cause first.,figure out the root cause,뭔가 고치기 전에 근본 원인부터 파악해야 해.,Work & Office,blaire
756,She tried to save money but ended up spending even more.,ended up spending,돈을 아끼려 했는데 오히려 더 많이 쓰고 말았어.,Work & Office,blaire
757,"You keep saying you'll come to the gym, but you never do.","You keep saying you'll come to the gym, but you never do",헬스장 간다 간다 하면서 한 번도 안 오잖아.,Daily Life,blaire
758,I don't mind working overtime if it helps the team.,don't mind working,팀에 도움이 된다면 야근하는 것도 괜찮아.,Work & Office,blaire
759,"Before you move abroad, consider saving up some money first.","Before you move abroad, consider saving",해외로 이사하기 전에 먼저 돈을 좀 모아둬.,Work & Office,blaire
760,We need to cut costs. It's a matter of survival right now.,It's a matter of survival,비용을 줄여야 해. 지금은 살아남는 게 중요해.,Work & Office,blaire
761,Could you say that again? I lost track of what you were saying.,I lost track of what you were saying,다시 말해줄 수 있어? 무슨 말 하는지 놓쳤어.,Work & Office,blaire
762,It was hard at first but after a week I got the hang of it.,got the hang of,처음엔 힘들었는데 일주일 지나니 감을 잡았어.,Work & Office,blaire
763,It makes sense to take breaks if you want to stay productive.,It makes sense to,생산성을 유지하고 싶다면 쉬는 게 맞아.,Work & Office,blaire
764,"To put things into perspective, we're still ahead of our competitors.",To put things into perspective,큰 그림으로 보면 우리는 아직 경쟁사들보다 앞서 있어.,Work & Office,blaire
765,I'm supposed to give a presentation at 3PM.,supposed to give,나 오후 3시에 발표를 하기로 되어 있어.,Meetings,blaire
766,I've got a plan to get fit before summer.,I've got a plan to,여름 전에 몸 만들 계획이 있어.,Work & Office,blaire
767,I can't stand sitting in traffic for over an hour.,can't stand sitting,한 시간 넘게 교통체증에 갇혀 있는 걸 못 참겠어.,Daily Life,blaire
768,I tried to get into classical music but it's just not my cup of tea.,not my cup of tea,클래식 음악에 빠져보려 했는데 그냥 내 취향이 아니야.,Work & Office,blaire
769,You can't afford to keep delaying this decision any longer.,can't afford to,더 이상 그 결정을 미룰 여유가 없어.,Work & Office,blaire
770,He managed to finish the marathon despite the heat.,managed to,더운 날씨에도 불구하고 마라톤을 완주해냈어.,Work & Office,blaire
771,The landlord plans on raising the rent next year.,plans on raising,집주인이 내년에 월세를 올릴 계획이래.,Daily Life,blaire
772,He claimed to be an expert but it turned out he had no experience.,turned out,전문가라고 했는데 알고 보니 경험이 전혀 없었어.,Work & Office,blaire
773,She needs a reality check if she thinks this plan will work overnight.,needs a reality check,이 계획이 하룻밤에 될 거라고 생각하면 현실을 직시해야 해.,Work & Office,blaire
774,She left early on purpose to avoid running into her ex.,on purpose,전 남자친구를 마주치지 않으려고 일부러 일찍 나갔어.,Work & Office,blaire
775,Don't ask me to do anything extra. I'm completely swamped right now.,I'm completely swamped,추가 업무는 부탁하지 마. 지금 일이 너무 밀려 있어.,Work & Office,blaire
776,Your coding skills might come in handy for this project.,come in handy,네 코딩 실력이 이 프로젝트에서 도움이 될 수도 있어.,Work & Office,blaire
777,The bus stopped running so I had no choice but to call a cab.,had no choice but to,버스가 끊겨서 택시를 부를 수밖에 없었어.,Daily Life,blaire
778,She goes as far as to drive two hours just to see her family.,goes as far as to,그녀는 가족을 보기 위해 두 시간씩 운전하는 것도 마다하지 않아.,Work & Office,blaire
779,I never saw losing my job coming like that.,never saw losing my job coming,그렇게 갑자기 직장을 잃게 될 줄 몰랐어.,Work & Office,blaire
780,He's really big on fitness. He goes to the gym every single day.,is really big on fitness,그는 운동에 진심이야. 매일 헬스장에 가.,Daily Life,blaire
781,Saving money every month is easier said than done.,easier said than done,매달 돈을 저금하는 건 말은 쉽지.,Work & Office,blaire
782,She learned to code from scratch and landed a tech job.,from scratch,코딩을 처음부터 독학해서 IT 회사에 취업했어.,Work & Office,blaire
783,I take pride in never being late to work.,take pride in,직장에 한 번도 늦은 적 없는 게 내 자랑이야.,Work & Office,blaire
784,We were so close to making the deadline but missed it by an hour.,were so close to making,마감을 딱 맞출 뻔했는데 한 시간 차이로 놓쳤어.,Meetings,blaire
785,Don't take your health for granted. You'll regret it later.,take your health for granted,건강을 당연하게 여기지 마. 나중에 후회해.,Work & Office,blaire
786,Before this gets worse let's set things straight between us.,set things straight,더 악화되기 전에 우리 사이에 오해를 풀자.,Work & Office,blaire
787,I was so tempted to skip the gym this morning.,was so tempted to,오늘 아침에 헬스장 빠질까 하는 생각이 너무 들었어.,Daily Life,blaire
788,Her silence speaks volumes. She must be upset.,speaks volumes,그녀의 침묵이 많은 걸 말해줘. 화가 난 게 분명해.,Emotions & Opinions,blaire
789,Writing is my bread and butter. I've been doing it for 10 years.,bread and butter,글쓰기가 내 생계야. 10년 동안 해왔거든.,Work & Office,blaire
790,"Money-wise, this deal doesn't make much sense.",wise,돈 측면에서 보면 이 거래는 별로 이득이 없어.,Work & Office,blaire
791,It took me a while to adjust to the new work schedule.,adjust to,새 근무 일정에 적응하는 데 시간이 좀 걸렸어.,Work & Office,blaire
